<metadata xml:lang="en"><Esri><CreaDate>20200506</CreaDate><CreaTime>13271300</CreaTime><SyncOnce>FALSE</SyncOnce><DataProperties><itemProps><imsContentType>002</imsContentType><itemName Sync="TRUE">WatershedVRI</itemName><nativeExtBox><westBL Sync="TRUE">433544.790022</westBL><eastBL Sync="TRUE">458850.382124</eastBL><southBL Sync="TRUE">5366080.125959</southBL><northBL Sync="TRUE">5386106.437811</northBL><exTypeCode Sync="TRUE">1</exTypeCode></nativeExtBox><itemLocation><linkage Sync="TRUE">file://\\DESKTOP-A1O8O58\H$\GEOG_418_2020\A3\WatershedVRI.shp</linkage><protocol Sync="TRUE">Local Area Network</protocol></itemLocation><itemSize Sync="TRUE">0.000</itemSize></itemProps><coordRef><type Sync="TRUE">Projected</type><geogcsn Sync="TRUE">GCS_North_American_1983</geogcsn><csUnits Sync="TRUE">Linear Unit: Meter (1.000000)</csUnits><projcsn Sync="TRUE">NAD_1983_UTM_Zone_10N</projcsn><peXml Sync="TRUE">&lt;ProjectedCoordinateSystem xsi:type='typens:ProjectedCoordinateSystem' xmlns:xsi='http://www.w3.org/2001/XMLSchema-instance' xmlns:xs='http://www.w3.org/2001/XMLSchema' xmlns:typens='http://www.esri.com/schemas/ArcGIS/2.5.0'&gt;&lt;WKT&gt;PROJCS[&amp;quot;NAD_1983_UTM_Zone_10N&amp;quot;,GEOGCS[&amp;quot;GCS_North_American_1983&amp;quot;,DATUM[&amp;quot;D_North_American_1983&amp;quot;,SPHEROID[&amp;quot;GRS_1980&amp;quot;,6378137.0,298.257222101]],PRIMEM[&amp;quot;Greenwich&amp;quot;,0.0],UNIT[&amp;quot;Degree&amp;quot;,0.0174532925199433]],PROJECTION[&amp;quot;Transverse_Mercator&amp;quot;],PARAMETER[&amp;quot;False_Easting&amp;quot;,500000.0],PARAMETER[&amp;quot;False_Northing&amp;quot;,0.0],PARAMETER[&amp;quot;Central_Meridian&amp;quot;,-123.0],PARAMETER[&amp;quot;Scale_Factor&amp;quot;,0.9996],PARAMETER[&amp;quot;Latitude_Of_Origin&amp;quot;,0.0],UNIT[&amp;quot;Meter&amp;quot;,1.0],AUTHORITY[&amp;quot;EPSG&amp;quot;,26910]]&lt;/WKT&gt;&lt;XOrigin&gt;-5120900&lt;/XOrigin&gt;&lt;YOrigin&gt;-9998100&lt;/YOrigin&gt;&lt;XYScale&gt;450445547.3910538&lt;/XYScale&gt;&lt;ZOrigin&gt;-100000&lt;/ZOrigin&gt;&lt;ZScale&gt;10000&lt;/ZScale&gt;&lt;MOrigin&gt;-100000&lt;/MOrigin&gt;&lt;MScale&gt;10000&lt;/MScale&gt;&lt;XYTolerance&gt;0.001&lt;/XYTolerance&gt;&lt;ZTolerance&gt;0.001&lt;/ZTolerance&gt;&lt;MTolerance&gt;0.001&lt;/MTolerance&gt;&lt;HighPrecision&gt;true&lt;/HighPrecision&gt;&lt;WKID&gt;26910&lt;/WKID&gt;&lt;LatestWKID&gt;26910&lt;/LatestWKID&gt;&lt;/ProjectedCoordinateSystem&gt;</peXml></coordRef><lineage><Process ToolSource="c:\program files (x86)\arcgis\desktop10.2\ArcToolbox\Toolboxes\Data Management Tools.tbx\CalculateField" Date="20160909" Time="120630" Name="" export="">CalculateField VRIWSATreeLYR1 LINE_2_POLYGON_ID [POLYGON_ID] VB #</Process><Process ToolSource="c:\program files (x86)\arcgis\desktop10.2\ArcToolbox\Toolboxes\Data Management Tools.tbx\CalculateField" Date="20160909" Time="121044" Name="" export="">CalculateField VRIWSATreeLYR1 LINE_2_POLYGON_ID [SPECIES_CD_1] VB #</Process><Process ToolSource="c:\program files (x86)\arcgis\desktop10.2\ArcToolbox\Toolboxes\Data Management Tools.tbx\CalculateField" Date="20160909" Time="121246" Name="" export="">CalculateField VRIWSATreeLYR1 LINE_2_POLYGON_ID null VB #</Process><Process ToolSource="c:\program files (x86)\arcgis\desktop10.2\ArcToolbox\Toolboxes\Data Management Tools.tbx\CalculateField" Date="20160909" Time="121349" Name="" export="">CalculateField VRIWSATreeLYR1 LINE_3_TREE_SPECIES "[SPECIES_CD_1]&amp; [SPECIES_CD_2]&amp; [SPECIES_CD_3]&amp; [SPECIES_CD_4]&amp; [SPECIES_CD_5]&amp; [SPECIES_CD_6]" VB #</Process><Process ToolSource="c:\program files (x86)\arcgis\desktop10.2\ArcToolbox\Toolboxes\Data Management Tools.tbx\CalculateField" Date="20160909" Time="122052" Name="" export="">CalculateField VRIWSATreeLYR1 LINE_3_TREE_SPECIES !LINE_3_TREE_SPECIES!.title() PYTHON_9.3 #</Process><Process ToolSource="c:\program files (x86)\arcgis\desktop10.2\ArcToolbox\Toolboxes\Data Management Tools.tbx\CalculateField" Date="20160909" Time="122253" Name="" export="">CalculateField VRIWSATreeLYR1 LINE_3_TREE_SPECIES !SPECIES_CD_1!.title() PYTHON_9.3 #</Process><Process ToolSource="c:\program files (x86)\arcgis\desktop10.2\ArcToolbox\Toolboxes\Data Management Tools.tbx\CalculateField" Date="20160909" Time="122401" Name="" export="">CalculateField VRIWSATreeLYR1 LINE_3_TREE_SPECIES "!SPECIES_CD_1!.title() &amp;!SPECIES_CD_2!.title() &amp; !SPECIES_CD_3!.title() &amp; !SPECIES_CD_4!.title() &amp; !SPECIES_CD_5!.title() &amp; !SPECIES_CD_6!.title()" PYTHON_9.3 #</Process><Process ToolSource="c:\program files (x86)\arcgis\desktop10.2\ArcToolbox\Toolboxes\Data Management Tools.tbx\CalculateField" Date="20160909" Time="122611" Name="" export="">CalculateField VRIWSATreeLYR1 LINE_3_TREE_SPECIES "!SPECIES_CD_1!.title() + (!SPECIES_CD_2!.title())" PYTHON_9.3 #</Process><Process ToolSource="c:\program files (x86)\arcgis\desktop10.2\ArcToolbox\Toolboxes\Data Management Tools.tbx\CalculateField" Date="20160909" Time="122656" Name="" export="">CalculateField VRIWSATreeLYR1 LINE_3_TREE_SPECIES "!SPECIES_CD_1!.title() + (!SPECIES_CD_2!.title()) +  (!SPECIES_CD_3!.title()) +  (!SPECIES_CD_4!.title()) +  (!SPECIES_CD_5!.title()) +  (!SPECIES_CD_6!.title())" PYTHON_9.3 #</Process><Process ToolSource="c:\program files (x86)\arcgis\desktop10.2\ArcToolbox\Toolboxes\Data Management Tools.tbx\CalculateField" Date="20160909" Time="122731" Name="" export="">CalculateField VRIWSATreeLYR1 LINE_3_TREE_SPECIES "!SPECIES_CD_1!.title() + (!SPECIES_CD_2!.title()) +  (!SPECIES_CD_3!.title())" PYTHON_9.3 #</Process><Process ToolSource="c:\program files (x86)\arcgis\desktop10.2\ArcToolbox\Toolboxes\Data Management Tools.tbx\CalculateField" Date="20160909" Time="123006" Name="" export="">CalculateField VRIWSATreeLYR1 LINE_3_TREE_SPECIES "!SPECIES_CD_1!.title() + (!SPECIES_CD_2!.title()) +  (!SPECIES_CD_3!.title())+ (!SPECIES_CD_4!.title())" PYTHON_9.3 #</Process><Process ToolSource="c:\program files (x86)\arcgis\desktop10.2\ArcToolbox\Toolboxes\Data Management Tools.tbx\CalculateField" Date="20160909" Time="123027" Name="" export="">CalculateField VRIWSATreeLYR1 LINE_3_TREE_SPECIES "!SPECIES_CD_1!.title() + (!SPECIES_CD_2!.title()) +  (!SPECIES_CD_3!.title())+ (!SPECIES_CD_4!.title())+ (!SPECIES_CD_5!.title())" PYTHON_9.3 #</Process><Process ToolSource="c:\program files (x86)\arcgis\desktop10.2\ArcToolbox\Toolboxes\Data Management Tools.tbx\CalculateField" Date="20160909" Time="123053" Name="" export="">CalculateField VRIWSATreeLYR1 LINE_3_TREE_SPECIES "!SPECIES_CD_1!.title() + (!SPECIES_CD_2!.title()) +  (!SPECIES_CD_3!.title())+ (!SPECIES_CD_4!.title())+ (!SPECIES_CD_5!.title())+ (!SPECIES_CD_6!.title())" PYTHON_9.3 #</Process><Process ToolSource="c:\program files (x86)\arcgis\desktop10.2\ArcToolbox\Toolboxes\Data Management Tools.tbx\CalculateField" Date="20160909" Time="123140" Name="" export="">CalculateField VRIWSATreeLYR1 LINE_3_TREE_SPECIES "!SPECIES_CD_1!.title() + (!SPECIES_CD_2!.title()) +  (!SPECIES_CD_3!.title())+ (!SPECIES_CD_4!.title())+ (!SPECIES_CD_5!.title())" PYTHON_9.3 #</Process><Process ToolSource="c:\program files (x86)\arcgis\desktop10.2\ArcToolbox\Toolboxes\Data Management Tools.tbx\CalculateField" Date="20160909" Time="123240" Name="" export="">CalculateField VRIWSATreeLYR1 LINE_3_TREE_SPECIES "!SPECIES_CD_1!.title() + (!SPECIES_CD_2!.title()) +  (!SPECIES_CD_3!.title())+ (!SPECIES_CD_4!.title())" PYTHON_9.3 #</Process><Process ToolSource="c:\program files (x86)\arcgis\desktop10.2\ArcToolbox\Toolboxes\Data Management Tools.tbx\CalculateField" Date="20160909" Time="123333" Name="" export="">CalculateField VRIWSATreeLYR1 LINE_3_TREE_SPECIES "!SPECIES_CD_1!.title() + (!SPECIES_CD_2!.title()) +  (!SPECIES_CD_3!.title())" PYTHON_9.3 #</Process><Process ToolSource="c:\program files (x86)\arcgis\desktop10.2\ArcToolbox\Toolboxes\Data Management Tools.tbx\CalculateField" Date="20160909" Time="123429" Name="" export="">CalculateField VRIWSATreeLYR1 LINE_3_TREE_SPECIES "!SPECIES_CD_1!.title() + (!SPECIES_CD_2!.title())" PYTHON_9.3 #</Process><Process ToolSource="c:\program files (x86)\arcgis\desktop10.2\ArcToolbox\Toolboxes\Data Management Tools.tbx\CalculateField" Date="20160909" Time="123456" Name="" export="">CalculateField VRIWSATreeLYR1 LINE_3_TREE_SPECIES !SPECIES_CD_1!.title() PYTHON_9.3 #</Process><Process ToolSource="c:\program files (x86)\arcgis\desktop10.2\ArcToolbox\Toolboxes\Data Management Tools.tbx\CalculateField" Date="20160909" Time="142738" Name="" export="">CalculateField VRIWSATreeLYR1 LINE_5_VEGETATION_COVER "!NON_VEG_COVER_TYPE_1! +","" PYTHON_9.3 #</Process><Process ToolSource="c:\program files (x86)\arcgis\desktop10.2\ArcToolbox\Toolboxes\Data Management Tools.tbx\CalculateField" Date="20160909" Time="150526" Name="" export="">CalculateField VRIWSATreeLYR1 LINE_5_VEGETATION_COVER "!LINE_5_VEGETATION_COVER! +", " + !HERB_COVER_TYPE!" PYTHON_9.3 #</Process><Process ToolSource="c:\program files (x86)\arcgis\desktop10.2\ArcToolbox\Toolboxes\Data Management Tools.tbx\CalculateField" Date="20160909" Time="150753" Name="" export="">CalculateField VRIWSATreeLYR1 LINE_5_VEGETATION_COVER "!LINE_5_VEGETATION_COVER! +", " + !NON_VEG_COVER_TYPE_1!.lower()" PYTHON_9.3 #</Process><Process ToolSource="c:\program files (x86)\arcgis\desktop10.2\ArcToolbox\Toolboxes\Data Management Tools.tbx\CalculateField" Date="20160909" Time="161637" Name="" export="">CalculateField VRIWSATreeLYR1 LINE_4_CLASSES_INDEXES "!PROJ_AGE_CLASS_CD_1!= !PROJ_HEIGHT_CLASS_CD_1!
+ !CROWN_CLOSURE_CLASS_CD!+ "-" + !EST_SITE_INDEX! + "/" + !SITE_INDEX!" PYTHON_9.3 #</Process><Process ToolSource="c:\program files (x86)\arcgis\desktop10.2\ArcToolbox\Toolboxes\Data Management Tools.tbx\CalculateField" Date="20160909" Time="161705" Name="" export="">CalculateField VRIWSATreeLYR1 LINE_4_CLASSES_INDEXES "!PROJ_AGE_CLASS_CD_1!= !PROJ_HEIGHT_CLASS_CD_1!+ "-" + !EST_SITE_INDEX! + "/" + !SITE_INDEX!" PYTHON_9.3 #</Process><Process ToolSource="c:\program files (x86)\arcgis\desktop10.2\ArcToolbox\Toolboxes\Data Management Tools.tbx\CalculateField" Date="20160909" Time="161831" Name="" export="">CalculateField VRIWSATreeLYR1 LINE_4_CLASSES_INDEXES "!PROJ_AGE_CLASS_CD_1!+ !PROJ_HEIGHT_CLASS_CD_1!+ !CROWN_CLOSURE_CLASS_CD! + "-" +  !EST_SITE_INDEX! + "/" + !SITE_INDEX!" PYTHON_9.3 #</Process><Process ToolSource="c:\program files (x86)\arcgis\desktop10.2\ArcToolbox\Toolboxes\Data Management Tools.tbx\CalculateField" Date="20160909" Time="161855" Name="" export="">CalculateField VRIWSATreeLYR1 LINE_4_CLASSES_INDEXES [PROJ_AGE_CLASS_CD_1] VB #</Process><Process ToolSource="c:\program files (x86)\arcgis\desktop10.2\ArcToolbox\Toolboxes\Data Management Tools.tbx\CalculateField" Date="20160909" Time="161955" Name="" export="">CalculateField VRIWSATreeLYR1 LINE_4_CLASSES_INDEXES "[PROJ_AGE_CLASS_CD_1] &amp; [PROJ_HEIGHT_CLASS_CD_1] &amp; [CROWN_CLOSURE_CLASS_CD]" VB #</Process><Process ToolSource="c:\program files (x86)\arcgis\desktop10.2\ArcToolbox\Toolboxes\Data Management Tools.tbx\CalculateField" Date="20160909" Time="162544" Name="" export="">CalculateField VRIWSATreeLYR1 LINE_4_CLASSES_INDEXES "[PROJ_AGE_CLASS_CD_1] &amp; [PROJ_HEIGHT_CLASS_CD_1] &amp; [CROWN_CLOSURE_CLASS_CD]" VB #</Process><Process ToolSource="c:\program files (x86)\arcgis\desktop10.2\ArcToolbox\Toolboxes\Data Management Tools.tbx\CalculateField" Date="20160912" Time="125623" Name="" export="">CalculateField VRIWSATreeLYR1 POLYGON_ID 999 VB #</Process><Process ToolSource="c:\program files (x86)\arcgis\desktop10.2\ArcToolbox\Toolboxes\Data Management Tools.tbx\CalculateField" Date="20160912" Time="130744" Name="" export="">CalculateField VRIWSATreeLYR1 LINE_2_POLYGON_ID [POLYGON_ID] VB #</Process><Process ToolSource="c:\program files (x86)\arcgis\desktop10.2\ArcToolbox\Toolboxes\Data Management Tools.tbx\CalculateField" Date="20160912" Time="130958" Name="" export="">CalculateField VRIWSATreeLYR1 FULL_LABEL "[LINE_2_POLYGON_ID] &amp; "\" &amp; [LINE_3_TREE_SPECIES] &amp; "\" &amp; [LINE_4_CLASSES_INDEXES] &amp; "\" &amp; [LINE_5_VEGETATION_COVER]" VB #</Process><Process ToolSource="c:\program files (x86)\arcgis\desktop10.2\ArcToolbox\Toolboxes\Data Management Tools.tbx\CalculateField" Date="20160912" Time="145017" Name="" export="">CalculateField VRIWSATreeLYR1 FULL_LABEL "[LINE_2_POLYGON_ID] &amp; "\" &amp; [LINE_3_TREE_SPECIES] &amp; "\" &amp; [LINE_4_CLASSES_INDEXES] &amp; "\" &amp; [LINE_5_VEGETATION_COVER]" VB #</Process><Process ToolSource="c:\program files (x86)\arcgis\desktop10.2\ArcToolbox\Toolboxes\Data Management Tools.tbx\CalculateField" Date="20160912" Time="162732" Name="" export="">CalculateField VRIWSATreeLYR1 BEC_ZONE_CODE "CWH" VB #</Process><Process ToolSource="c:\program files (x86)\arcgis\desktop10.2\ArcToolbox\Toolboxes\Data Management Tools.tbx\CalculateField" Date="20160912" Time="162907" Name="" export="">CalculateField VRIWSATreeLYR1 BEC_SUBZONE "xm" VB #</Process><Process ToolSource="c:\program files (x86)\arcgis\desktop10.4\ArcToolbox\Toolboxes\Data Management Tools.tbx\CopyFeatures" Date="20190722" Time="101929">CopyFeatures L:\DATA\Active\PROJECTS\VRI\Data\VRI.mdb\VRIWSATreeLYR1 C:\GISData\ClimateChangeQueries.mdb\VRIWSATreeLYR1 # 0 0 0</Process><Process ToolSource="c:\program files (x86)\arcgis\desktop10.4\ArcToolbox\Toolboxes\Data Management Tools.tbx\Append" Date="20190722" Time="104427">Append C:\GISData\ClimateChangeQueries.mdb\LYR2 C:\GISData\ClimateChangeQueries.mdb\VRIWSATreeLYR1 NO_TEST "Name "Name" true true false 50 Text 0 0 ,First,#,C:\GISData\ClimateChangeQueries.mdb\LYR2,Name,-1,-1;WSA "Water Supply Area" true true false 2 Text 0 0 ,First,#,C:\GISData\ClimateChangeQueries.mdb\LYR2,WSA,-1,-1;CompartID "Compartment ID" true true false 20 Text 0 0 ,First,#,C:\GISData\ClimateChangeQueries.mdb\LYR2,CompartID,-1,-1;DataProject "Data Project" true true false 100 Text 0 0 ,First,#;FID_VEG_COMP_LYR_1_POLY "FID_VEG_COMP_LYR_1_POLY" true true false 4 Long 0 0 ,First,#;FOR_MGMT_LAND_BASE_IND "FOR_MGMT_LAND_BASE_IND" true true false 1 Text 0 0 ,First,#,C:\GISData\ClimateChangeQueries.mdb\LYR2,FOR_MGMT_LAND_BASE_IND,-1,-1;EST_COVERAGE_PCT_2 "EST_COVERAGE_PCT_2" true true false 2 Short 0 0 ,First,#,C:\GISData\ClimateChangeQueries.mdb\LYR2,EST_COVERAGE_PCT_2,-1,-1;EST_COVERAGE_PCT_1 "EST_COVERAGE_PCT_1" true true false 2 Short 0 0 ,First,#,C:\GISData\ClimateChangeQueries.mdb\LYR2,EST_COVERAGE_PCT_1,-1,-1;COMPARTMENT_LETTER "COMPARTMENT_LETTER" true true false 1 Text 0 0 ,First,#,C:\GISData\ClimateChangeQueries.mdb\LYR2,COMPARTMENT_LETTER,-1,-1;COMPARTMENT "COMPARTMENT" true true false 2 Short 0 0 ,First,#,C:\GISData\ClimateChangeQueries.mdb\LYR2,COMPARTMENT,-1,-1;OPENING_NUMBER "OPENING_NUMBER" true true false 4 Text 0 0 ,First,#,C:\GISData\ClimateChangeQueries.mdb\LYR2,OPENING_NUMBER,-1,-1;OPENING_SOURCE "OPENING_SOURCE" true true false 5 Text 0 0 ,First,#,C:\GISData\ClimateChangeQueries.mdb\LYR2,OPENING_SOURCE,-1,-1;ORG_UNIT_CODE "ORG_UNIT_CODE" true true false 6 Text 0 0 ,First,#,C:\GISData\ClimateChangeQueries.mdb\LYR2,ORG_UNIT_CODE,-1,-1;ORG_UNIT_NO "ORG_UNIT_NO" true true false 8 Double 0 0 ,First,#,C:\GISData\ClimateChangeQueries.mdb\LYR2,ORG_UNIT_NO,-1,-1;POLYGON_AREA "POLYGON_AREA" true true false 8 Double 0 0 ,First,#,C:\GISData\ClimateChangeQueries.mdb\LYR2,POLYGON_AREA,-1,-1;POLYGON_ID "POLYGON_ID" true true false 4 Long 0 0 ,First,#,C:\GISData\ClimateChangeQueries.mdb\LYR2,POLYGON_ID,-1,-1;PRINTABLE_IND "PRINTABLE_IND" true true false 1 Text 0 0 ,First,#,C:\GISData\ClimateChangeQueries.mdb\LYR2,PRINTABLE_IND,-1,-1;SPECIES_CD_3 "SPECIES_CD_3" true true false 10 Text 0 0 ,First,#,C:\GISData\ClimateChangeQueries.mdb\LYR2,SPECIES_CD_3,-1,-1;SPECIES_CD_4 "SPECIES_CD_4" true true false 10 Text 0 0 ,First,#,C:\GISData\ClimateChangeQueries.mdb\LYR2,SPECIES_CD_4,-1,-1;SPECIES_CD_5 "SPECIES_CD_5" true true false 10 Text 0 0 ,First,#,C:\GISData\ClimateChangeQueries.mdb\LYR2,SPECIES_CD_5,-1,-1;SPECIES_CD_6 "SPECIES_CD_6" true true false 10 Text 0 0 ,First,#,C:\GISData\ClimateChangeQueries.mdb\LYR2,SPECIES_CD_6,-1,-1;BEC_PHASE "BEC_PHASE" true true false 1 Text 0 0 ,First,#,C:\GISData\ClimateChangeQueries.mdb\LYR2,BEC_PHASE,-1,-1;BEC_SUBZONE "BEC_SUBZONE" true true false 3 Text 0 0 ,First,#,C:\GISData\ClimateChangeQueries.mdb\LYR2,BEC_SUBZONE,-1,-1;CROWN_CLOSURE_CLASS_CD "CROWN_CLOSURE_CLASS_CD" true true false 2 Text 0 0 ,First,#,C:\GISData\ClimateChangeQueries.mdb\LYR2,CROWN_CLOSURE_CLASS_CD,-1,-1;DEAD_STAND_VOLUME_125 "DEAD_STAND_VOLUME_125" true true false 8 Double 0 0 ,First,#,C:\GISData\ClimateChangeQueries.mdb\LYR2,DEAD_STAND_VOLUME_125,-1,-1;DEAD_STAND_VOLUME_175 "DEAD_STAND_VOLUME_175" true true false 8 Double 0 0 ,First,#,C:\GISData\ClimateChangeQueries.mdb\LYR2,DEAD_STAND_VOLUME_175,-1,-1;DEAD_STAND_VOLUME_225 "DEAD_STAND_VOLUME_225" true true false 8 Double 0 0 ,First,#,C:\GISData\ClimateChangeQueries.mdb\LYR2,DEAD_STAND_VOLUME_225,-1,-1;DEAD_VOL_PER_HA_SPP1_125 "DEAD_VOL_PER_HA_SPP1_125" true true false 8 Double 0 0 ,First,#,C:\GISData\ClimateChangeQueries.mdb\LYR2,DEAD_VOL_PER_HA_SPP1_125,-1,-1;DEAD_VOL_PER_HA_SPP1_175 "DEAD_VOL_PER_HA_SPP1_175" true true false 8 Double 0 0 ,First,#,C:\GISData\ClimateChangeQueries.mdb\LYR2,DEAD_VOL_PER_HA_SPP1_175,-1,-1;DEAD_VOL_PER_HA_SPP2_125 "DEAD_VOL_PER_HA_SPP2_125" true true false 8 Double 0 0 ,First,#,C:\GISData\ClimateChangeQueries.mdb\LYR2,DEAD_VOL_PER_HA_SPP2_125,-1,-1;DEAD_VOL_PER_HA_SPP2_175 "DEAD_VOL_PER_HA_SPP2_175" true true false 8 Double 0 0 ,First,#,C:\GISData\ClimateChangeQueries.mdb\LYR2,DEAD_VOL_PER_HA_SPP2_175,-1,-1;DEAD_VOL_PER_HA_SPP2_225 "DEAD_VOL_PER_HA_SPP2_225" true true false 8 Double 0 0 ,First,#,C:\GISData\ClimateChangeQueries.mdb\LYR2,DEAD_VOL_PER_HA_SPP2_225,-1,-1;PROJ_AGE_2 "PROJ_AGE_2" true true false 2 Short 0 0 ,First,#,C:\GISData\ClimateChangeQueries.mdb\LYR2,PROJ_AGE_2,-1,-1;BCLCS_LEVEL_5 "BCLCS_LEVEL_5" true true false 10 Text 0 0 ,First,#,C:\GISData\ClimateChangeQueries.mdb\LYR2,BCLCS_LEVEL_5,-1,-1;BCLCS_LEVEL_1 "BCLCS_LEVEL_1" true true false 10 Text 0 0 ,First,#,C:\GISData\ClimateChangeQueries.mdb\LYR2,BCLCS_LEVEL_1,-1,-1;BCLCS_LEVEL_2 "BCLCS_LEVEL_2" true true false 10 Text 0 0 ,First,#,C:\GISData\ClimateChangeQueries.mdb\LYR2,BCLCS_LEVEL_2,-1,-1;PROJ_AGE_1 "PROJ_AGE_1" true true false 2 Short 0 0 ,First,#,C:\GISData\ClimateChangeQueries.mdb\LYR2,PROJ_AGE_1,-1,-1;SOIL_MOISTURE_REGIME_1 "SOIL_MOISTURE_REGIME_1" true true false 10 Text 0 0 ,First,#,C:\GISData\ClimateChangeQueries.mdb\LYR2,SOIL_MOISTURE_REGIME_1,-1,-1;SMALL_LABEL "SMALL_LABEL" true true false 200 Text 0 0 ,First,#,C:\GISData\ClimateChangeQueries.mdb\LYR2,SMALL_LABEL,-1,-1;DEAD_VOL_PER_HA_SPP3_125 "DEAD_VOL_PER_HA_SPP3_125" true true false 8 Double 0 0 ,First,#,C:\GISData\ClimateChangeQueries.mdb\LYR2,DEAD_VOL_PER_HA_SPP3_125,-1,-1;DEAD_VOL_PER_HA_SPP3_175 "DEAD_VOL_PER_HA_SPP3_175" true true false 8 Double 0 0 ,First,#,C:\GISData\ClimateChangeQueries.mdb\LYR2,DEAD_VOL_PER_HA_SPP3_175,-1,-1;DEAD_VOL_PER_HA_SPP3_225 "DEAD_VOL_PER_HA_SPP3_225" true true false 8 Double 0 0 ,First,#,C:\GISData\ClimateChangeQueries.mdb\LYR2,DEAD_VOL_PER_HA_SPP3_225,-1,-1;DEAD_VOL_PER_HA_SPP4_175 "DEAD_VOL_PER_HA_SPP4_175" true true false 8 Double 0 0 ,First,#,C:\GISData\ClimateChangeQueries.mdb\LYR2,DEAD_VOL_PER_HA_SPP4_175,-1,-1;DEAD_VOL_PER_HA_SPP4_225 "DEAD_VOL_PER_HA_SPP4_225" true true false 8 Double 0 0 ,First,#,C:\GISData\ClimateChangeQueries.mdb\LYR2,DEAD_VOL_PER_HA_SPP4_225,-1,-1;DEAD_VOL_PER_HA_SPP5_125 "DEAD_VOL_PER_HA_SPP5_125" true true false 8 Double 0 0 ,First,#,C:\GISData\ClimateChangeQueries.mdb\LYR2,DEAD_VOL_PER_HA_SPP5_125,-1,-1;SITE_POSITION_MESO "SITE_POSITION_MESO" true true false 10 Text 0 0 ,First,#,C:\GISData\ClimateChangeQueries.mdb\LYR2,SITE_POSITION_MESO,-1,-1;LIVE_STAND_VOLUME_125 "LIVE_STAND_VOLUME_125" true true false 8 Double 0 0 ,First,#,C:\GISData\ClimateChangeQueries.mdb\LYR2,LIVE_STAND_VOLUME_125,-1,-1;LAND_COVER_CLASS_CD_1 "LAND_COVER_CLASS_CD_1" true true false 10 Text 0 0 ,First,#,C:\GISData\ClimateChangeQueries.mdb\LYR2,LAND_COVER_CLASS_CD_1,-1,-1;LIVE_STAND_VOLUME_175 "LIVE_STAND_VOLUME_175" true true false 8 Double 0 0 ,First,#,C:\GISData\ClimateChangeQueries.mdb\LYR2,LIVE_STAND_VOLUME_175,-1,-1;LIVE_STAND_VOLUME_225 "LIVE_STAND_VOLUME_225" true true false 8 Double 0 0 ,First,#,C:\GISData\ClimateChangeQueries.mdb\LYR2,LIVE_STAND_VOLUME_225,-1,-1;LIVE_VOL_PER_HA_SPP1_175 "LIVE_VOL_PER_HA_SPP1_175" true true false 8 Double 0 0 ,First,#,C:\GISData\ClimateChangeQueries.mdb\LYR2,LIVE_VOL_PER_HA_SPP1_175,-1,-1;SITE_INDEX "SITE_INDEX" true true false 8 Double 0 0 ,First,#,C:\GISData\ClimateChangeQueries.mdb\LYR2,SITE_INDEX,-1,-1;SHRUB_COVER_PATTERN "SHRUB_COVER_PATTERN" true true false 10 Text 0 0 ,First,#,C:\GISData\ClimateChangeQueries.mdb\LYR2,SHRUB_COVER_PATTERN,-1,-1;SHRUB_HEIGHT "SHRUB_HEIGHT" true true false 8 Double 0 0 ,First,#,C:\GISData\ClimateChangeQueries.mdb\LYR2,SHRUB_HEIGHT,-1,-1;SPECIES_CD_2 "SPECIES_CD_2" true true false 10 Text 0 0 ,First,#,C:\GISData\ClimateChangeQueries.mdb\LYR2,SPECIES_CD_2,-1,-1;SPECIES_CD_1 "SPECIES_CD_1" true true false 10 Text 0 0 ,First,#,C:\GISData\ClimateChangeQueries.mdb\LYR2,SPECIES_CD_1,-1,-1;SOIL_NUTRIENT_REGIME "SOIL_NUTRIENT_REGIME" true true false 10 Text 0 0 ,First,#,C:\GISData\ClimateChangeQueries.mdb\LYR2,SOIL_NUTRIENT_REGIME,-1,-1;SOIL_MOISTURE_REGIME_3 "SOIL_MOISTURE_REGIME_3" true true false 10 Text 0 0 ,First,#,C:\GISData\ClimateChangeQueries.mdb\LYR2,SOIL_MOISTURE_REGIME_3,-1,-1;SOIL_MOISTURE_REGIME_2 "SOIL_MOISTURE_REGIME_2" true true false 10 Text 0 0 ,First,#,C:\GISData\ClimateChangeQueries.mdb\LYR2,SOIL_MOISTURE_REGIME_2,-1,-1;DEAD_VOL_PER_HA_SPP5_225 "DEAD_VOL_PER_HA_SPP5_225" true true false 8 Double 0 0 ,First,#,C:\GISData\ClimateChangeQueries.mdb\LYR2,DEAD_VOL_PER_HA_SPP5_225,-1,-1;DEAD_VOL_PER_HA_SPP6_125 "DEAD_VOL_PER_HA_SPP6_125" true true false 8 Double 0 0 ,First,#,C:\GISData\ClimateChangeQueries.mdb\LYR2,DEAD_VOL_PER_HA_SPP6_125,-1,-1;INVENTORY_REGION "INVENTORY_REGION" true true false 2 Short 0 0 ,First,#,C:\GISData\ClimateChangeQueries.mdb\LYR2,INVENTORY_REGION,-1,-1;DEAD_VOL_PER_HA_SPP6_175 "DEAD_VOL_PER_HA_SPP6_175" true true false 8 Double 0 0 ,First,#,C:\GISData\ClimateChangeQueries.mdb\LYR2,DEAD_VOL_PER_HA_SPP6_175,-1,-1;DEAD_VOL_PER_HA_SPP6_225 "DEAD_VOL_PER_HA_SPP6_225" true true false 8 Double 0 0 ,First,#,C:\GISData\ClimateChangeQueries.mdb\LYR2,DEAD_VOL_PER_HA_SPP6_225,-1,-1;SHRUB_CROWN_CLOSURE "SHRUB_CROWN_CLOSURE" true true false 2 Short 0 0 ,First,#,C:\GISData\ClimateChangeQueries.mdb\LYR2,SHRUB_CROWN_CLOSURE,-1,-1;REFERENCE_YEAR "REFERENCE_YEAR" true true false 2 Short 0 0 ,First,#,C:\GISData\ClimateChangeQueries.mdb\LYR2,REFERENCE_YEAR,-1,-1;PROJECT "PROJECT" true true false 100 Text 0 0 ,First,#,C:\GISData\ClimateChangeQueries.mdb\LYR2,PROJECT,-1,-1;REFERENCE_DATE "REFERENCE_DATE" true true false 8 Date 0 0 ,First,#,C:\GISData\ClimateChangeQueries.mdb\LYR2,REFERENCE_DATE,-1,-1;FOR_COVER_RANK_CD "FOR_COVER_RANK_CD" true true false 10 Text 0 0 ,First,#,C:\GISData\ClimateChangeQueries.mdb\LYR2,FOR_COVER_RANK_CD,-1,-1;QUAD_DIAM_225 "QUAD_DIAM_225" true true false 8 Double 0 0 ,First,#,C:\GISData\ClimateChangeQueries.mdb\LYR2,QUAD_DIAM_225,-1,-1;AVAIL_LABEL_WIDTH "AVAIL_LABEL_WIDTH" true true false 8 Double 0 0 ,First,#,C:\GISData\ClimateChangeQueries.mdb\LYR2,AVAIL_LABEL_WIDTH,-1,-1;QUAD_DIAM_175 "QUAD_DIAM_175" true true false 8 Double 0 0 ,First,#,C:\GISData\ClimateChangeQueries.mdb\LYR2,QUAD_DIAM_175,-1,-1;QUAD_DIAM_125 "QUAD_DIAM_125" true true false 8 Double 0 0 ,First,#,C:\GISData\ClimateChangeQueries.mdb\LYR2,QUAD_DIAM_125,-1,-1;PROJ_HEIGHT_2 "PROJ_HEIGHT_2" true true false 8 Double 0 0 ,First,#,C:\GISData\ClimateChangeQueries.mdb\LYR2,PROJ_HEIGHT_2,-1,-1;PROJ_HEIGHT_1 "PROJ_HEIGHT_1" true true false 8 Double 0 0 ,First,#,C:\GISData\ClimateChangeQueries.mdb\LYR2,PROJ_HEIGHT_1,-1,-1;PROJECTED_DATE "PROJECTED_DATE" true true false 8 Date 0 0 ,First,#,C:\GISData\ClimateChangeQueries.mdb\LYR2,PROJECTED_DATE,-1,-1;LIVE_VOL_PER_HA_SPP6_125 "LIVE_VOL_PER_HA_SPP6_125" true true false 8 Double 0 0 ,First,#,C:\GISData\ClimateChangeQueries.mdb\LYR2,LIVE_VOL_PER_HA_SPP6_125,-1,-1;LIVE_VOL_PER_HA_SPP6_175 "LIVE_VOL_PER_HA_SPP6_175" true true false 8 Double 0 0 ,First,#,C:\GISData\ClimateChangeQueries.mdb\LYR2,LIVE_VOL_PER_HA_SPP6_175,-1,-1;LIVE_VOL_PER_HA_SPP6_225 "LIVE_VOL_PER_HA_SPP6_225" true true false 8 Double 0 0 ,First,#,C:\GISData\ClimateChangeQueries.mdb\LYR2,LIVE_VOL_PER_HA_SPP6_225,-1,-1;PROJ_AGE_CLASS_CD_1 "PROJ_AGE_CLASS_CD_1" true true false 1 Text 0 0 ,First,#,C:\GISData\ClimateChangeQueries.mdb\LYR2,PROJ_AGE_CLASS_CD_1,-1,-1;PROJ_AGE_CLASS_CD_2 "PROJ_AGE_CLASS_CD_2" true true false 1 Text 0 0 ,First,#,C:\GISData\ClimateChangeQueries.mdb\LYR2,PROJ_AGE_CLASS_CD_2,-1,-1;PROJ_HEIGHT_CLASS_CD_2 "PROJ_HEIGHT_CLASS_CD_2" true true false 1 Text 0 0 ,First,#,C:\GISData\ClimateChangeQueries.mdb\LYR2,PROJ_HEIGHT_CLASS_CD_2,-1,-1;STAND_PERCENTAGE_DEAD "STAND_PERCENTAGE_DEAD" true true false 2 Short 0 0 ,First,#,C:\GISData\ClimateChangeQueries.mdb\LYR2,STAND_PERCENTAGE_DEAD,-1,-1;SPECIES_PCT_1 "SPECIES_PCT_1" true true false 8 Double 0 0 ,First,#,C:\GISData\ClimateChangeQueries.mdb\LYR2,SPECIES_PCT_1,-1,-1;SPECIES_PCT_2 "SPECIES_PCT_2" true true false 8 Double 0 0 ,First,#,C:\GISData\ClimateChangeQueries.mdb\LYR2,SPECIES_PCT_2,-1,-1;SPECIES_PCT_3 "SPECIES_PCT_3" true true false 8 Double 0 0 ,First,#,C:\GISData\ClimateChangeQueries.mdb\LYR2,SPECIES_PCT_3,-1,-1;LAND_COVER_CLASS_CD_2 "LAND_COVER_CLASS_CD_2" true true false 10 Text 0 0 ,First,#,C:\GISData\ClimateChangeQueries.mdb\LYR2,LAND_COVER_CLASS_CD_2,-1,-1;LAND_COVER_CLASS_CD_3 "LAND_COVER_CLASS_CD_3" true true false 10 Text 0 0 ,First,#,C:\GISData\ClimateChangeQueries.mdb\LYR2,LAND_COVER_CLASS_CD_3,-1,-1;LAYER_ID "LAYER_ID" true true false 10 Text 0 0 ,First,#,C:\GISData\ClimateChangeQueries.mdb\LYR2,LAYER_ID,-1,-1;SPECIES_PCT_4 "SPECIES_PCT_4" true true false 8 Double 0 0 ,First,#,C:\GISData\ClimateChangeQueries.mdb\LYR2,SPECIES_PCT_4,-1,-1;SPECIES_PCT_5 "SPECIES_PCT_5" true true false 8 Double 0 0 ,First,#,C:\GISData\ClimateChangeQueries.mdb\LYR2,SPECIES_PCT_5,-1,-1;SPECIES_PCT_6 "SPECIES_PCT_6" true true false 8 Double 0 0 ,First,#,C:\GISData\ClimateChangeQueries.mdb\LYR2,SPECIES_PCT_6,-1,-1;TREE_COVER_PATTERN "TREE_COVER_PATTERN" true true false 10 Text 0 0 ,First,#,C:\GISData\ClimateChangeQueries.mdb\LYR2,TREE_COVER_PATTERN,-1,-1;VERTICAL_COMPLEXITY "VERTICAL_COMPLEXITY" true true false 10 Text 0 0 ,First,#,C:\GISData\ClimateChangeQueries.mdb\LYR2,VERTICAL_COMPLEXITY,-1,-1;ADJUSTED_IND "ADJUSTED_IND" true true false 1 Text 0 0 ,First,#,C:\GISData\ClimateChangeQueries.mdb\LYR2,ADJUSTED_IND,-1,-1;DATA_SOURCE_AGE_CD "DATA_SOURCE_AGE_CD" true true false 10 Text 0 0 ,First,#,C:\GISData\ClimateChangeQueries.mdb\LYR2,DATA_SOURCE_AGE_CD,-1,-1;ALPINE_DESIGNATION "ALPINE_DESIGNATION" true true false 10 Text 0 0 ,First,#,C:\GISData\ClimateChangeQueries.mdb\LYR2,ALPINE_DESIGNATION,-1,-1;ATTRIBUTION_BASE_DATE "ATTRIBUTION_BASE_DATE" true true false 8 Date 0 0 ,First,#,C:\GISData\ClimateChangeQueries.mdb\LYR2,ATTRIBUTION_BASE_DATE,-1,-1;AVAIL_LABEL_HEIGHT "AVAIL_LABEL_HEIGHT" true true false 8 Double 0 0 ,First,#,C:\GISData\ClimateChangeQueries.mdb\LYR2,AVAIL_LABEL_HEIGHT,-1,-1;BCLCS_LEVEL_3 "BCLCS_LEVEL_3" true true false 10 Text 0 0 ,First,#,C:\GISData\ClimateChangeQueries.mdb\LYR2,BCLCS_LEVEL_3,-1,-1;OPENING_IND "OPENING_IND" true true false 1 Text 0 0 ,First,#,C:\GISData\ClimateChangeQueries.mdb\LYR2,OPENING_IND,-1,-1;OPENING_ID "OPENING_ID" true true false 8 Double 0 0 ,First,#,C:\GISData\ClimateChangeQueries.mdb\LYR2,OPENING_ID,-1,-1;NON_VEG_COVER_TYPE_3 "NON_VEG_COVER_TYPE_3" true true false 10 Text 0 0 ,First,#,C:\GISData\ClimateChangeQueries.mdb\LYR2,NON_VEG_COVER_TYPE_3,-1,-1;NON_VEG_COVER_TYPE_2 "NON_VEG_COVER_TYPE_2" true true false 10 Text 0 0 ,First,#,C:\GISData\ClimateChangeQueries.mdb\LYR2,NON_VEG_COVER_TYPE_2,-1,-1;NON_VEG_COVER_TYPE_1 "NON_VEG_COVER_TYPE_1" true true false 10 Text 0 0 ,First,#,C:\GISData\ClimateChangeQueries.mdb\LYR2,NON_VEG_COVER_TYPE_1,-1,-1;NON_VEG_COVER_PCT_3 "NON_VEG_COVER_PCT_3" true true false 2 Short 0 0 ,First,#,C:\GISData\ClimateChangeQueries.mdb\LYR2,NON_VEG_COVER_PCT_3,-1,-1;NON_VEG_COVER_PCT_2 "NON_VEG_COVER_PCT_2" true true false 2 Short 0 0 ,First,#,C:\GISData\ClimateChangeQueries.mdb\LYR2,NON_VEG_COVER_PCT_2,-1,-1;NON_VEG_COVER_PCT_1 "NON_VEG_COVER_PCT_1" true true false 2 Short 0 0 ,First,#,C:\GISData\ClimateChangeQueries.mdb\LYR2,NON_VEG_COVER_PCT_1,-1,-1;NON_VEG_COVER_PATTERN_3 "NON_VEG_COVER_PATTERN_3" true true false 10 Text 0 0 ,First,#,C:\GISData\ClimateChangeQueries.mdb\LYR2,NON_VEG_COVER_PATTERN_3,-1,-1;NON_VEG_COVER_PATTERN_2 "NON_VEG_COVER_PATTERN_2" true true false 10 Text 0 0 ,First,#,C:\GISData\ClimateChangeQueries.mdb\LYR2,NON_VEG_COVER_PATTERN_2,-1,-1;NON_VEG_COVER_PATTERN_1 "NON_VEG_COVER_PATTERN_1" true true false 10 Text 0 0 ,First,#,C:\GISData\ClimateChangeQueries.mdb\LYR2,NON_VEG_COVER_PATTERN_1,-1,-1;NON_PRODUCTIVE_DESCRIPTOR_CD "NON_PRODUCTIVE_DESCRIPTOR_CD" true true false 5 Text 0 0 ,First,#,C:\GISData\ClimateChangeQueries.mdb\LYR2,NON_PRODUCTIVE_DESCRIPTOR_CD,-1,-1;NON_PRODUCTIVE_CD "NON_PRODUCTIVE_CD" true true false 10 Text 0 0 ,First,#,C:\GISData\ClimateChangeQueries.mdb\LYR2,NON_PRODUCTIVE_CD,-1,-1;NON_FOREST_DESCRIPTOR "NON_FOREST_DESCRIPTOR" true true false 10 Text 0 0 ,First,#,C:\GISData\ClimateChangeQueries.mdb\LYR2,NON_FOREST_DESCRIPTOR,-1,-1;MODIFYING_PROCESS "MODIFYING_PROCESS" true true false 10 Text 0 0 ,First,#,C:\GISData\ClimateChangeQueries.mdb\LYR2,MODIFYING_PROCESS,-1,-1;MAP_ID "MAP_ID" true true false 7 Text 0 0 ,First,#,C:\GISData\ClimateChangeQueries.mdb\LYR2,MAP_ID,-1,-1;VRI_LIVE_STEMS_PER_HA "VRI_LIVE_STEMS_PER_HA" true true false 4 Long 0 0 ,First,#,C:\GISData\ClimateChangeQueries.mdb\LYR2,VRI_LIVE_STEMS_PER_HA,-1,-1;LABEL_WIDTH "LABEL_WIDTH" true true false 8 Double 0 0 ,First,#,C:\GISData\ClimateChangeQueries.mdb\LYR2,LABEL_WIDTH,-1,-1;LINE_5_VEGETATION_COVER "LINE_5_VEGETATION_COVER" true true false 11 Text 0 0 ,First,#,C:\GISData\ClimateChangeQueries.mdb\LYR2,LINE_5_VEGETATION_COVER,-1,-1;LINE_7A_STAND_TENDING_HISTORY "LINE_7A_STAND_TENDING_HISTORY" true true false 39 Text 0 0 ,First,#,C:\GISData\ClimateChangeQueries.mdb\LYR2,LINE_7A_STAND_TENDING_HISTORY,-1,-1;LINE_3_TREE_SPECIES "LINE_3_TREE_SPECIES" true true false 50 Text 0 0 ,First,#,C:\GISData\ClimateChangeQueries.mdb\LYR2,LINE_3_TREE_SPECIES,-1,-1;LINE_2_POLYGON_ID "LINE_2_POLYGON_ID" true true false 10 Text 0 0 ,First,#,C:\GISData\ClimateChangeQueries.mdb\LYR2,LINE_2_POLYGON_ID,-1,-1;LINE_8_PLANTING_HISTORY "LINE_8_PLANTING_HISTORY" true true false 80 Text 0 0 ,First,#,C:\GISData\ClimateChangeQueries.mdb\LYR2,LINE_8_PLANTING_HISTORY,-1,-1;LINE_1_OPENING_NUMBER "LINE_1_OPENING_NUMBER" true true false 4 Text 0 0 ,First,#,C:\GISData\ClimateChangeQueries.mdb\LYR2,LINE_1_OPENING_NUMBER,-1,-1;LINE_1_OPENING_SYMBOL_CD "LINE_1_OPENING_SYMBOL_CD" true true false 1 Text 0 0 ,First,#,C:\GISData\ClimateChangeQueries.mdb\LYR2,LINE_1_OPENING_SYMBOL_CD,-1,-1;LABEL_HEIGHT "LABEL_HEIGHT" true true false 8 Double 0 0 ,First,#,C:\GISData\ClimateChangeQueries.mdb\LYR2,LABEL_HEIGHT,-1,-1;LINE_6_SITE_PREP_HISTORY "LINE_6_SITE_PREP_HISTORY" true true false 10 Text 0 0 ,First,#,C:\GISData\ClimateChangeQueries.mdb\LYR2,LINE_6_SITE_PREP_HISTORY,-1,-1;LINE_7_ACTIVITY_HIST_SYMBOL "LINE_7_ACTIVITY_HIST_SYMBOL" true true false 1 Text 0 0 ,First,#,C:\GISData\ClimateChangeQueries.mdb\LYR2,LINE_7_ACTIVITY_HIST_SYMBOL,-1,-1;LINE_7B_DISTURBANCE_HISTORY "LINE_7B_DISTURBANCE_HISTORY" true true false 40 Text 0 0 ,First,#,C:\GISData\ClimateChangeQueries.mdb\LYR2,LINE_7B_DISTURBANCE_HISTORY,-1,-1;LABEL_CENTRE_Y "LABEL_CENTRE_Y" true true false 8 Double 0 0 ,First,#,C:\GISData\ClimateChangeQueries.mdb\LYR2,LABEL_CENTRE_Y,-1,-1;LABEL_CENTRE_X "LABEL_CENTRE_X" true true false 8 Double 0 0 ,First,#,C:\GISData\ClimateChangeQueries.mdb\LYR2,LABEL_CENTRE_X,-1,-1;LINE_4_CLASSES_INDEXES "LINE_4_CLASSES_INDEXES" true true false 12 Text 0 0 ,First,#,C:\GISData\ClimateChangeQueries.mdb\LYR2,LINE_4_CLASSES_INDEXES,-1,-1;LIVE_VOL_PER_HA_SPP1_225 "LIVE_VOL_PER_HA_SPP1_225" true true false 8 Double 0 0 ,First,#,C:\GISData\ClimateChangeQueries.mdb\LYR2,LIVE_VOL_PER_HA_SPP1_225,-1,-1;LIVE_VOL_PER_HA_SPP2_125 "LIVE_VOL_PER_HA_SPP2_125" true true false 8 Double 0 0 ,First,#,C:\GISData\ClimateChangeQueries.mdb\LYR2,LIVE_VOL_PER_HA_SPP2_125,-1,-1;LIVE_VOL_PER_HA_SPP2_175 "LIVE_VOL_PER_HA_SPP2_175" true true false 8 Double 0 0 ,First,#,C:\GISData\ClimateChangeQueries.mdb\LYR2,LIVE_VOL_PER_HA_SPP2_175,-1,-1;BRYOID_COVER_PCT "BRYOID_COVER_PCT" true true false 2 Short 0 0 ,First,#,C:\GISData\ClimateChangeQueries.mdb\LYR2,BRYOID_COVER_PCT,-1,-1;BCLCS_LEVEL_4 "BCLCS_LEVEL_4" true true false 10 Text 0 0 ,First,#,C:\GISData\ClimateChangeQueries.mdb\LYR2,BCLCS_LEVEL_4,-1,-1;LIVE_VOL_PER_HA_SPP2_225 "LIVE_VOL_PER_HA_SPP2_225" true true false 8 Double 0 0 ,First,#,C:\GISData\ClimateChangeQueries.mdb\LYR2,LIVE_VOL_PER_HA_SPP2_225,-1,-1;LIVE_VOL_PER_HA_SPP3_125 "LIVE_VOL_PER_HA_SPP3_125" true true false 8 Double 0 0 ,First,#,C:\GISData\ClimateChangeQueries.mdb\LYR2,LIVE_VOL_PER_HA_SPP3_125,-1,-1;LIVE_VOL_PER_HA_SPP3_175 "LIVE_VOL_PER_HA_SPP3_175" true true false 8 Double 0 0 ,First,#,C:\GISData\ClimateChangeQueries.mdb\LYR2,LIVE_VOL_PER_HA_SPP3_175,-1,-1;LIVE_VOL_PER_HA_SPP3_225 "LIVE_VOL_PER_HA_SPP3_225" true true false 8 Double 0 0 ,First,#,C:\GISData\ClimateChangeQueries.mdb\LYR2,LIVE_VOL_PER_HA_SPP3_225,-1,-1;LIVE_VOL_PER_HA_SPP4_175 "LIVE_VOL_PER_HA_SPP4_175" true true false 8 Double 0 0 ,First,#,C:\GISData\ClimateChangeQueries.mdb\LYR2,LIVE_VOL_PER_HA_SPP4_175,-1,-1;LIVE_VOL_PER_HA_SPP4_225 "LIVE_VOL_PER_HA_SPP4_225" true true false 8 Double 0 0 ,First,#,C:\GISData\ClimateChangeQueries.mdb\LYR2,LIVE_VOL_PER_HA_SPP4_225,-1,-1;LIVE_VOL_PER_HA_SPP5_125 "LIVE_VOL_PER_HA_SPP5_125" true true false 8 Double 0 0 ,First,#,C:\GISData\ClimateChangeQueries.mdb\LYR2,LIVE_VOL_PER_HA_SPP5_125,-1,-1;LIVE_VOL_PER_HA_SPP5_175 "LIVE_VOL_PER_HA_SPP5_175" true true false 8 Double 0 0 ,First,#,C:\GISData\ClimateChangeQueries.mdb\LYR2,LIVE_VOL_PER_HA_SPP5_175,-1,-1;BEC_VARIANT "BEC_VARIANT" true true false 1 Text 0 0 ,First,#,C:\GISData\ClimateChangeQueries.mdb\LYR2,BEC_VARIANT,-1,-1;DEAD_VOL_PER_HA_SPP1_225 "DEAD_VOL_PER_HA_SPP1_225" true true false 8 Double 0 0 ,First,#,C:\GISData\ClimateChangeQueries.mdb\LYR2,DEAD_VOL_PER_HA_SPP1_225,-1,-1;DEAD_VOL_PER_HA_SPP5_175 "DEAD_VOL_PER_HA_SPP5_175" true true false 8 Double 0 0 ,First,#,C:\GISData\ClimateChangeQueries.mdb\LYR2,DEAD_VOL_PER_HA_SPP5_175,-1,-1;LIVE_VOL_PER_HA_SPP1_125 "LIVE_VOL_PER_HA_SPP1_125" true true false 8 Double 0 0 ,First,#,C:\GISData\ClimateChangeQueries.mdb\LYR2,LIVE_VOL_PER_HA_SPP1_125,-1,-1;LIVE_VOL_PER_HA_SPP4_125 "LIVE_VOL_PER_HA_SPP4_125" true true false 8 Double 0 0 ,First,#,C:\GISData\ClimateChangeQueries.mdb\LYR2,LIVE_VOL_PER_HA_SPP4_125,-1,-1;PROJ_HEIGHT_CLASS_CD_1 "PROJ_HEIGHT_CLASS_CD_1" true true false 1 Text 0 0 ,First,#,C:\GISData\ClimateChangeQueries.mdb\LYR2,PROJ_HEIGHT_CLASS_CD_1,-1,-1;DEAD_VOL_PER_HA_SPP4_125 "DEAD_VOL_PER_HA_SPP4_125" true true false 8 Double 0 0 ,First,#,C:\GISData\ClimateChangeQueries.mdb\LYR2,DEAD_VOL_PER_HA_SPP4_125,-1,-1;LIVE_VOL_PER_HA_SPP5_225 "LIVE_VOL_PER_HA_SPP5_225" true true false 8 Double 0 0 ,First,#,C:\GISData\ClimateChangeQueries.mdb\LYR2,LIVE_VOL_PER_HA_SPP5_225,-1,-1;BASAL_AREA "BASAL_AREA" true true false 8 Double 0 0 ,First,#,C:\GISData\ClimateChangeQueries.mdb\LYR2,BASAL_AREA,-1,-1;DATA_SOURCE_BASAL_AREA_CD "DATA_SOURCE_BASAL_AREA_CD" true true false 10 Text 0 0 ,First,#,C:\GISData\ClimateChangeQueries.mdb\LYR2,DATA_SOURCE_BASAL_AREA_CD,-1,-1;FOLIAGE_BIOMASS_PER_HA "FOLIAGE_BIOMASS_PER_HA" true true false 8 Double 0 0 ,First,#,C:\GISData\ClimateChangeQueries.mdb\LYR2,FOLIAGE_BIOMASS_PER_HA,-1,-1;OBJECT_ID "OBJECT_ID" true true false 8 Double 0 0 ,First,#,C:\GISData\ClimateChangeQueries.mdb\LYR2,OBJECT_ID,-1,-1;HARVEST_DATE "HARVEST_DATE" true true false 8 Date 0 0 ,First,#,C:\GISData\ClimateChangeQueries.mdb\LYR2,HARVEST_DATE,-1,-1;EST_SITE_INDEX "EST_SITE_INDEX" true true false 8 Double 0 0 ,First,#,C:\GISData\ClimateChangeQueries.mdb\LYR2,EST_SITE_INDEX,-1,-1;DATA_SRC_VRI_LIVE_STEM_HA_CD "DATA_SRC_VRI_LIVE_STEM_HA_CD" true true false 10 Text 0 0 ,First,#,C:\GISData\ClimateChangeQueries.mdb\LYR2,DATA_SRC_VRI_LIVE_STEM_HA_CD,-1,-1;FREE_TO_GROW_IND "FREE_TO_GROW_IND" true true false 1 Text 0 0 ,First,#,C:\GISData\ClimateChangeQueries.mdb\LYR2,FREE_TO_GROW_IND,-1,-1;EST_SITE_INDEX_SOURCE_CD "EST_SITE_INDEX_SOURCE_CD" true true false 10 Text 0 0 ,First,#,C:\GISData\ClimateChangeQueries.mdb\LYR2,EST_SITE_INDEX_SOURCE_CD,-1,-1;EARLIEST_NONLOGGING_DIST_TYPE "EARLIEST_NONLOGGING_DIST_TYPE" true true false 10 Text 0 0 ,First,#,C:\GISData\ClimateChangeQueries.mdb\LYR2,EARLIEST_NONLOGGING_DIST_TYPE,-1,-1;EARLIEST_NONLOGGING_DIST_DATE "EARLIEST_NONLOGGING_DIST_DATE" true true false 8 Date 0 0 ,First,#,C:\GISData\ClimateChangeQueries.mdb\LYR2,EARLIEST_NONLOGGING_DIST_DATE,-1,-1;BEC_ZONE_CODE "BEC_ZONE_CODE" true true false 4 Text 0 0 ,First,#,C:\GISData\ClimateChangeQueries.mdb\LYR2,BEC_ZONE_CODE,-1,-1;SURFACE_EXPRESSION "SURFACE_EXPRESSION" true true false 10 Text 0 0 ,First,#,C:\GISData\ClimateChangeQueries.mdb\LYR2,SURFACE_EXPRESSION,-1,-1;INVENTORY_STANDARD_CD "INVENTORY_STANDARD_CD" true true false 10 Text 0 0 ,First,#,C:\GISData\ClimateChangeQueries.mdb\LYR2,INVENTORY_STANDARD_CD,-1,-1;WHOLE_STEM_BIOMASS_PER_HA "WHOLE_STEM_BIOMASS_PER_HA" true true false 8 Double 0 0 ,First,#,C:\GISData\ClimateChangeQueries.mdb\LYR2,WHOLE_STEM_BIOMASS_PER_HA,-1,-1;BRANCH_BIOMASS_PER_HA "BRANCH_BIOMASS_PER_HA" true true false 8 Double 0 0 ,First,#,C:\GISData\ClimateChangeQueries.mdb\LYR2,BRANCH_BIOMASS_PER_HA,-1,-1;BARK_BIOMASS_PER_HA "BARK_BIOMASS_PER_HA" true true false 8 Double 0 0 ,First,#,C:\GISData\ClimateChangeQueries.mdb\LYR2,BARK_BIOMASS_PER_HA,-1,-1;EST_COVERAGE_PCT_3 "EST_COVERAGE_PCT_3" true true false 2 Short 0 0 ,First,#,C:\GISData\ClimateChangeQueries.mdb\LYR2,EST_COVERAGE_PCT_3,-1,-1;SPECIAL_CRUISE_NUMBER_CD "SPECIAL_CRUISE_NUMBER_CD" true true false 1 Text 0 0 ,First,#,C:\GISData\ClimateChangeQueries.mdb\LYR2,SPECIAL_CRUISE_NUMBER_CD,-1,-1;SPECIAL_CRUISE_NUMBER "SPECIAL_CRUISE_NUMBER" true true false 2 Short 0 0 ,First,#,C:\GISData\ClimateChangeQueries.mdb\LYR2,SPECIAL_CRUISE_NUMBER,-1,-1;CROWN_CLOSURE "CROWN_CLOSURE" true true false 2 Short 0 0 ,First,#,C:\GISData\ClimateChangeQueries.mdb\LYR2,CROWN_CLOSURE,-1,-1;COAST_INTERIOR_CD "COAST_INTERIOR_CD" true true false 1 Text 0 0 ,First,#,C:\GISData\ClimateChangeQueries.mdb\LYR2,COAST_INTERIOR_CD,-1,-1;DBH_LIMIT "DBH_LIMIT" true true false 2 Short 0 0 ,First,#,C:\GISData\ClimateChangeQueries.mdb\LYR2,DBH_LIMIT,-1,-1;VRI_DEAD_STEMS_PER_HA "VRI_DEAD_STEMS_PER_HA" true true false 4 Long 0 0 ,First,#,C:\GISData\ClimateChangeQueries.mdb\LYR2,VRI_DEAD_STEMS_PER_HA,-1,-1;ECOSYS_CLASS_DATA_SRC_CD "ECOSYS_CLASS_DATA_SRC_CD" true true false 10 Text 0 0 ,First,#,C:\GISData\ClimateChangeQueries.mdb\LYR2,ECOSYS_CLASS_DATA_SRC_CD,-1,-1;EST_SITE_INDEX_SPECIES_CD "EST_SITE_INDEX_SPECIES_CD" true true false 10 Text 0 0 ,First,#,C:\GISData\ClimateChangeQueries.mdb\LYR2,EST_SITE_INDEX_SPECIES_CD,-1,-1;FEATURE_ID "FEATURE_ID" true true false 8 Double 0 0 ,First,#,C:\GISData\ClimateChangeQueries.mdb\LYR2,FEATURE_ID,-1,-1;FEATURE_CLASS_SKEY "FEATURE_CLASS_SKEY" true true false 8 Double 0 0 ,First,#,C:\GISData\ClimateChangeQueries.mdb\LYR2,FEATURE_CLASS_SKEY,-1,-1;FIZ_CD "FIZ_CD" true true false 1 Text 0 0 ,First,#,C:\GISData\ClimateChangeQueries.mdb\LYR2,FIZ_CD,-1,-1;FULL_LABEL "FULL_LABEL" true true false 2147483647 Text 0 0 ,First,#,C:\GISData\ClimateChangeQueries.mdb\LYR2,FULL_LABEL,-1,-1;HERB_COVER_PATTERN "HERB_COVER_PATTERN" true true false 10 Text 0 0 ,First,#,C:\GISData\ClimateChangeQueries.mdb\LYR2,HERB_COVER_PATTERN,-1,-1;HERB_COVER_PCT "HERB_COVER_PCT" true true false 2 Short 0 0 ,First,#,C:\GISData\ClimateChangeQueries.mdb\LYR2,HERB_COVER_PCT,-1,-1;HERB_COVER_TYPE "HERB_COVER_TYPE" true true false 10 Text 0 0 ,First,#,C:\GISData\ClimateChangeQueries.mdb\LYR2,HERB_COVER_TYPE,-1,-1;DATA_SOURCE_HEIGHT_CD "DATA_SOURCE_HEIGHT_CD" true true false 10 Text 0 0 ,First,#,C:\GISData\ClimateChangeQueries.mdb\LYR2,DATA_SOURCE_HEIGHT_CD,-1,-1;INPUT_DATE "INPUT_DATE" true true false 8 Date 0 0 ,First,#,C:\GISData\ClimateChangeQueries.mdb\LYR2,INPUT_DATE,-1,-1;INTERPRETER "INTERPRETER" true true false 30 Text 0 0 ,First,#,C:\GISData\ClimateChangeQueries.mdb\LYR2,INTERPRETER,-1,-1;INTERPRETED_DATA_SRC_CD "INTERPRETED_DATA_SRC_CD" true true false 10 Text 0 0 ,First,#,C:\GISData\ClimateChangeQueries.mdb\LYR2,INTERPRETED_DATA_SRC_CD,-1,-1;INTERPRETATION_DATE "INTERPRETATION_DATE" true true false 8 Date 0 0 ,First,#,C:\GISData\ClimateChangeQueries.mdb\LYR2,INTERPRETATION_DATE,-1,-1;Forest_Cover_Object_ID "Forest_Cover_Object_ID" true true false 4 Long 0 0 ,First,#,C:\GISData\ClimateChangeQueries.mdb\LYR2,FOREST_COVER_OBJECT_ID,-1,-1;CentroidString "CentroidString" true true false 255 Text 0 0 ,First,#;Area_ha "Area_ha" true true false 8 Double 0 0 ,First,#;Area_ha_1 "Area_ha_1" true true false 8 Double 0 0 ,First,#;Shape_Length "Shape_Length" false true true 8 Double 0 0 ,First,#,C:\GISData\ClimateChangeQueries.mdb\LYR2,Shape_Length,-1,-1;Shape_Area "Shape_Area" false true true 8 Double 0 0 ,First,#,C:\GISData\ClimateChangeQueries.mdb\LYR2,Shape_Area,-1,-1" #</Process><Process ToolSource="c:\program files (x86)\arcgis\desktop10.4\ArcToolbox\Toolboxes\Data Management Tools.tbx\DeleteField" Date="20190722" Time="112957">DeleteField C:\GISData\ClimateChangeQueries.mdb\VRIWSA_L1_2_Tunc DataProject;FOR_MGMT_LAND_BASE_IND;EST_COVERAGE_PCT_2;EST_COVERAGE_PCT_1;COMPARTMENT_LETTER;COMPARTMENT;OPENING_NUMBER;OPENING_SOURCE;ORG_UNIT_CODE;ORG_UNIT_NO;POLYGON_AREA;PRINTABLE_IND;DEAD_STAND_VOLUME_125;DEAD_STAND_VOLUME_175;DEAD_STAND_VOLUME_225;DEAD_VOL_PER_HA_SPP1_125;DEAD_VOL_PER_HA_SPP1_175;DEAD_VOL_PER_HA_SPP2_125;DEAD_VOL_PER_HA_SPP2_175;DEAD_VOL_PER_HA_SPP2_225;BCLCS_LEVEL_5;BCLCS_LEVEL_1;BCLCS_LEVEL_2;SOIL_MOISTURE_REGIME_1;DEAD_VOL_PER_HA_SPP3_125;DEAD_VOL_PER_HA_SPP3_175;DEAD_VOL_PER_HA_SPP3_225;DEAD_VOL_PER_HA_SPP4_175;DEAD_VOL_PER_HA_SPP4_225;DEAD_VOL_PER_HA_SPP5_125;SITE_POSITION_MESO;LIVE_STAND_VOLUME_125;LAND_COVER_CLASS_CD_1;LIVE_STAND_VOLUME_175;LIVE_STAND_VOLUME_225;LIVE_VOL_PER_HA_SPP1_175;SHRUB_COVER_PATTERN;SHRUB_HEIGHT;SOIL_NUTRIENT_REGIME;SOIL_MOISTURE_REGIME_3;SOIL_MOISTURE_REGIME_2;DEAD_VOL_PER_HA_SPP5_225;DEAD_VOL_PER_HA_SPP6_125;INVENTORY_REGION;DEAD_VOL_PER_HA_SPP6_175;DEAD_VOL_PER_HA_SPP6_225;SHRUB_CROWN_CLOSURE;PROJECT;QUAD_DIAM_225;AVAIL_LABEL_WIDTH;QUAD_DIAM_175;QUAD_DIAM_125;LIVE_VOL_PER_HA_SPP6_125;LIVE_VOL_PER_HA_SPP6_175;LIVE_VOL_PER_HA_SPP6_225;STAND_PERCENTAGE_DEAD;LAND_COVER_CLASS_CD_2;LAND_COVER_CLASS_CD_3;ADJUSTED_IND;DATA_SOURCE_AGE_CD;ALPINE_DESIGNATION;ATTRIBUTION_BASE_DATE;AVAIL_LABEL_HEIGHT;BCLCS_LEVEL_3;OPENING_IND;OPENING_ID;NON_VEG_COVER_TYPE_3;NON_VEG_COVER_TYPE_2;NON_VEG_COVER_TYPE_1;NON_VEG_COVER_PCT_3;NON_VEG_COVER_PCT_2;NON_VEG_COVER_PCT_1;NON_VEG_COVER_PATTERN_3;NON_VEG_COVER_PATTERN_2;NON_VEG_COVER_PATTERN_1;NON_PRODUCTIVE_DESCRIPTOR_CD;NON_PRODUCTIVE_CD;NON_FOREST_DESCRIPTOR;MODIFYING_PROCESS;MAP_ID;LABEL_WIDTH;LABEL_HEIGHT;LIVE_VOL_PER_HA_SPP1_225;LIVE_VOL_PER_HA_SPP2_125;LIVE_VOL_PER_HA_SPP2_175;BRYOID_COVER_PCT;BCLCS_LEVEL_4;LIVE_VOL_PER_HA_SPP2_225;LIVE_VOL_PER_HA_SPP3_125;LIVE_VOL_PER_HA_SPP3_175;LIVE_VOL_PER_HA_SPP3_225;LIVE_VOL_PER_HA_SPP4_175;LIVE_VOL_PER_HA_SPP4_225;LIVE_VOL_PER_HA_SPP5_125;LIVE_VOL_PER_HA_SPP5_175;DEAD_VOL_PER_HA_SPP1_225;DEAD_VOL_PER_HA_SPP5_175;LIVE_VOL_PER_HA_SPP1_125;LIVE_VOL_PER_HA_SPP4_125;DEAD_VOL_PER_HA_SPP4_125;LIVE_VOL_PER_HA_SPP5_225;DATA_SOURCE_BASAL_AREA_CD;OBJECT_ID;HARVEST_DATE;DATA_SRC_VRI_LIVE_STEM_HA_CD;FREE_TO_GROW_IND;EST_SITE_INDEX_SOURCE_CD;EARLIEST_NONLOGGING_DIST_TYPE;EARLIEST_NONLOGGING_DIST_DATE;SURFACE_EXPRESSION;INVENTORY_STANDARD_CD;EST_COVERAGE_PCT_3;SPECIAL_CRUISE_NUMBER_CD;SPECIAL_CRUISE_NUMBER;COAST_INTERIOR_CD;VRI_DEAD_STEMS_PER_HA;ECOSYS_CLASS_DATA_SRC_CD;FEATURE_CLASS_SKEY;FIZ_CD;HERB_COVER_PATTERN;HERB_COVER_PCT;HERB_COVER_TYPE;DATA_SOURCE_HEIGHT_CD;INPUT_DATE;INTERPRETER;INTERPRETED_DATA_SRC_CD;INTERPRETATION_DATE;CentroidString;Area_ha;Area_ha_1</Process><Process ToolSource="c:\program files (x86)\arcgis\desktop10.4\ArcToolbox\Toolboxes\Data Management Tools.tbx\CalculateField" Date="20191127" Time="132516">CalculateField VRIWSATreeLYR_R1_2020 PROJ_AGE_1 "[PROJ_AGE_1] + 6" VB #</Process><Process ToolSource="c:\program files (x86)\arcgis\desktop10.4\ArcToolbox\Toolboxes\Data Management Tools.tbx\CalculateField" Date="20191127" Time="132714">CalculateField VRIWSATreeLYR_R1_2020 PROJ_AGE_2 "[PROJ_AGE_2] + 6" VB #</Process><Process ToolSource="c:\program files (x86)\arcgis\desktop10.4\ArcToolbox\Toolboxes\Data Management Tools.tbx\CalculateField" Date="20191127" Time="134431">CalculateField VRIWSATreeLYR_R1_2020 PROJECTED_DATE Dateserial(2020,01,01) VB #</Process><Process ToolSource="c:\program files (x86)\arcgis\desktop10.4\ArcToolbox\Toolboxes\Data Management Tools.tbx\CalculateField" Date="20191127" Time="154631">CalculateField VRIWSATreeLYR_R1_2020 PROJ_AGE_CLASS_CD_1 1 VB #</Process><Process ToolSource="c:\program files (x86)\arcgis\desktop10.4\ArcToolbox\Toolboxes\Data Management Tools.tbx\CalculateField" Date="20191127" Time="154813">CalculateField VRIWSATreeLYR_R1_2020 PROJ_AGE_CLASS_CD_1 2 VB #</Process><Process ToolSource="c:\program files (x86)\arcgis\desktop10.4\ArcToolbox\Toolboxes\Data Management Tools.tbx\CalculateField" Date="20191127" Time="154923">CalculateField VRIWSATreeLYR_R1_2020 PROJ_AGE_CLASS_CD_1 3 VB #</Process><Process ToolSource="c:\program files (x86)\arcgis\desktop10.4\ArcToolbox\Toolboxes\Data Management Tools.tbx\CalculateField" Date="20191127" Time="155030">CalculateField VRIWSATreeLYR_R1_2020 PROJ_AGE_CLASS_CD_1 4 VB #</Process><Process ToolSource="c:\program files (x86)\arcgis\desktop10.4\ArcToolbox\Toolboxes\Data Management Tools.tbx\CalculateField" Date="20191127" Time="155113">CalculateField VRIWSATreeLYR_R1_2020 PROJ_AGE_CLASS_CD_1 5 VB #</Process><Process ToolSource="c:\program files (x86)\arcgis\desktop10.4\ArcToolbox\Toolboxes\Data Management Tools.tbx\CalculateField" Date="20191127" Time="155150">CalculateField VRIWSATreeLYR_R1_2020 PROJ_AGE_CLASS_CD_1 6 VB #</Process><Process ToolSource="c:\program files (x86)\arcgis\desktop10.4\ArcToolbox\Toolboxes\Data Management Tools.tbx\CalculateField" Date="20191127" Time="155258">CalculateField VRIWSATreeLYR_R1_2020 PROJ_AGE_CLASS_CD_1 7 VB #</Process><Process ToolSource="c:\program files (x86)\arcgis\desktop10.4\ArcToolbox\Toolboxes\Data Management Tools.tbx\CalculateField" Date="20191127" Time="155416">CalculateField VRIWSATreeLYR_R1_2020 PROJ_AGE_CLASS_CD_1 8 VB #</Process><Process ToolSource="c:\program files (x86)\arcgis\desktop10.4\ArcToolbox\Toolboxes\Data Management Tools.tbx\CalculateField" Date="20191127" Time="155818">CalculateField VRIWSATreeLYR_R1_2020 PROJ_AGE_CLASS_CD_2 2 VB #</Process><Process ToolSource="c:\program files (x86)\arcgis\desktop10.4\ArcToolbox\Toolboxes\Data Management Tools.tbx\CalculateField" Date="20191127" Time="155907">CalculateField VRIWSATreeLYR_R1_2020 PROJ_AGE_CLASS_CD_2 3 VB #</Process><Process ToolSource="c:\program files (x86)\arcgis\desktop10.4\ArcToolbox\Toolboxes\Data Management Tools.tbx\CalculateField" Date="20191127" Time="160007">CalculateField VRIWSATreeLYR_R1_2020 PROJ_AGE_CLASS_CD_2 4 VB #</Process><Process ToolSource="c:\program files (x86)\arcgis\desktop10.4\ArcToolbox\Toolboxes\Data Management Tools.tbx\CalculateField" Date="20191127" Time="160051">CalculateField VRIWSATreeLYR_R1_2020 PROJ_AGE_CLASS_CD_2 5 VB #</Process><Process ToolSource="c:\program files (x86)\arcgis\desktop10.4\ArcToolbox\Toolboxes\Data Management Tools.tbx\CalculateField" Date="20191127" Time="160128">CalculateField VRIWSATreeLYR_R1_2020 PROJ_AGE_CLASS_CD_2 6 VB #</Process><Process ToolSource="c:\program files (x86)\arcgis\desktop10.4\ArcToolbox\Toolboxes\Data Management Tools.tbx\CalculateField" Date="20191127" Time="160208">CalculateField VRIWSATreeLYR_R1_2020 PROJ_AGE_CLASS_CD_2 7 VB #</Process><Process ToolSource="c:\program files (x86)\arcgis\desktop10.4\ArcToolbox\Toolboxes\Data Management Tools.tbx\CalculateField" Date="20191127" Time="160252">CalculateField VRIWSATreeLYR_R1_2020 PROJ_AGE_CLASS_CD_2 8 VB #</Process><Process ToolSource="c:\program files\arcgis\pro\Resources\ArcToolbox\toolboxes\Conversion Tools.tbx\FeatureClassToFeatureClass" Date="20201005" Time="102452">FeatureClassToFeatureClass VRIWSATreeLYR_R1_2020 H:\GEOG_418_2020\A3 WatershedVRI.shp # "Name "Name" true true false 50 Text 0 0,First,#,VRIWSATreeLYR_R1_2020,Name,0,50;WSA "Water Supply Area" true true false 2 Text 0 0,First,#,VRIWSATreeLYR_R1_2020,WSA,0,2;CompartID "Compartment ID" true true false 20 Text 0 0,First,#,VRIWSATreeLYR_R1_2020,CompartID,0,20;FID_VEG_CO "FID_VEG_COMP_LYR_1_POLY" true true false 4 Long 0 0,First,#,VRIWSATreeLYR_R1_2020,FID_VEG_COMP_LYR_1_POLY,-1,-1;POLYGON_ID "POLYGON_ID" true true false 4 Long 0 0,First,#,VRIWSATreeLYR_R1_2020,POLYGON_ID,-1,-1;SPECIES_CD "SPECIES_CD_3" true true false 10 Text 0 0,First,#,VRIWSATreeLYR_R1_2020,SPECIES_CD_3,0,10;SPECIES__1 "SPECIES_CD_4" true true false 10 Text 0 0,First,#,VRIWSATreeLYR_R1_2020,SPECIES_CD_4,0,10;SPECIES__2 "SPECIES_CD_5" true true false 10 Text 0 0,First,#,VRIWSATreeLYR_R1_2020,SPECIES_CD_5,0,10;SPECIES__3 "SPECIES_CD_6" true true false 10 Text 0 0,First,#,VRIWSATreeLYR_R1_2020,SPECIES_CD_6,0,10;BEC_PHASE "BEC_PHASE" true true false 1 Text 0 0,First,#,VRIWSATreeLYR_R1_2020,BEC_PHASE,0,1;BEC_SUBZON "BEC_SUBZONE" true true false 3 Text 0 0,First,#,VRIWSATreeLYR_R1_2020,BEC_SUBZONE,0,3;CROWN_CLOS "CROWN_CLOSURE_CLASS_CD" true true false 2 Text 0 0,First,#,VRIWSATreeLYR_R1_2020,CROWN_CLOSURE_CLASS_CD,0,2;PROJ_AGE_2 "PROJ_AGE_2" true true false 2 Short 0 0,First,#,VRIWSATreeLYR_R1_2020,PROJ_AGE_2,-1,-1;PROJ_AGE_1 "PROJ_AGE_1" true true false 2 Short 0 0,First,#,VRIWSATreeLYR_R1_2020,PROJ_AGE_1,-1,-1;SMALL_LABE "SMALL_LABEL" true true false 200 Text 0 0,First,#,VRIWSATreeLYR_R1_2020,SMALL_LABEL,0,200;SITE_INDEX "SITE_INDEX" true true false 8 Double 0 0,First,#,VRIWSATreeLYR_R1_2020,SITE_INDEX,-1,-1;SPECIES__4 "SPECIES_CD_2" true true false 10 Text 0 0,First,#,VRIWSATreeLYR_R1_2020,SPECIES_CD_2,0,10;SPECIES__5 "SPECIES_CD_1" true true false 10 Text 0 0,First,#,VRIWSATreeLYR_R1_2020,SPECIES_CD_1,0,10;REFERENCE_ "REFERENCE_YEAR" true true false 2 Short 0 0,First,#,VRIWSATreeLYR_R1_2020,REFERENCE_YEAR,-1,-1;REFERENCE1 "REFERENCE_DATE" true true false 8 Date 0 0,First,#,VRIWSATreeLYR_R1_2020,REFERENCE_DATE,-1,-1;FOR_COVER_ "FOR_COVER_RANK_CD" true true false 10 Text 0 0,First,#,VRIWSATreeLYR_R1_2020,FOR_COVER_RANK_CD,0,10;PROJ_HEIGH "PROJ_HEIGHT_2" true true false 8 Double 0 0,First,#,VRIWSATreeLYR_R1_2020,PROJ_HEIGHT_2,-1,-1;PROJ_HEI_1 "PROJ_HEIGHT_1" true true false 8 Double 0 0,First,#,VRIWSATreeLYR_R1_2020,PROJ_HEIGHT_1,-1,-1;PROJECTED_ "PROJECTED_DATE" true true false 8 Date 0 0,First,#,VRIWSATreeLYR_R1_2020,PROJECTED_DATE,-1,-1;PROJ_AGE_C "PROJ_AGE_CLASS_CD_1" true true false 1 Text 0 0,First,#,VRIWSATreeLYR_R1_2020,PROJ_AGE_CLASS_CD_1,0,1;PROJ_AGE_3 "PROJ_AGE_CLASS_CD_2" true true false 1 Text 0 0,First,#,VRIWSATreeLYR_R1_2020,PROJ_AGE_CLASS_CD_2,0,1;PROJ_HEI_2 "PROJ_HEIGHT_CLASS_CD_2" true true false 1 Text 0 0,First,#,VRIWSATreeLYR_R1_2020,PROJ_HEIGHT_CLASS_CD_2,0,1;SPECIES_PC "SPECIES_PCT_1" true true false 8 Double 0 0,First,#,VRIWSATreeLYR_R1_2020,SPECIES_PCT_1,-1,-1;SPECIES__6 "SPECIES_PCT_2" true true false 8 Double 0 0,First,#,VRIWSATreeLYR_R1_2020,SPECIES_PCT_2,-1,-1;SPECIES__7 "SPECIES_PCT_3" true true false 8 Double 0 0,First,#,VRIWSATreeLYR_R1_2020,SPECIES_PCT_3,-1,-1;LAYER_ID "LAYER_ID" true true false 10 Text 0 0,First,#,VRIWSATreeLYR_R1_2020,LAYER_ID,0,10;SPECIES__8 "SPECIES_PCT_4" true true false 8 Double 0 0,First,#,VRIWSATreeLYR_R1_2020,SPECIES_PCT_4,-1,-1;SPECIES__9 "SPECIES_PCT_5" true true false 8 Double 0 0,First,#,VRIWSATreeLYR_R1_2020,SPECIES_PCT_5,-1,-1;SPECIES_10 "SPECIES_PCT_6" true true false 8 Double 0 0,First,#,VRIWSATreeLYR_R1_2020,SPECIES_PCT_6,-1,-1;TREE_COVER "TREE_COVER_PATTERN" true true false 10 Text 0 0,First,#,VRIWSATreeLYR_R1_2020,TREE_COVER_PATTERN,0,10;VERTICAL_C "VERTICAL_COMPLEXITY" true true false 10 Text 0 0,First,#,VRIWSATreeLYR_R1_2020,VERTICAL_COMPLEXITY,0,10;VRI_LIVE_S "VRI_LIVE_STEMS_PER_HA" true true false 4 Long 0 0,First,#,VRIWSATreeLYR_R1_2020,VRI_LIVE_STEMS_PER_HA,-1,-1;LINE_5_VEG "LINE_5_VEGETATION_COVER" true true false 11 Text 0 0,First,#,VRIWSATreeLYR_R1_2020,LINE_5_VEGETATION_COVER,0,11;LINE_7A_ST "LINE_7A_STAND_TENDING_HISTORY" true true false 39 Text 0 0,First,#,VRIWSATreeLYR_R1_2020,LINE_7A_STAND_TENDING_HISTORY,0,39;LINE_3_TRE "LINE_3_TREE_SPECIES" true true false 50 Text 0 0,First,#,VRIWSATreeLYR_R1_2020,LINE_3_TREE_SPECIES,0,50;LINE_2_POL "LINE_2_POLYGON_ID" true true false 10 Text 0 0,First,#,VRIWSATreeLYR_R1_2020,LINE_2_POLYGON_ID,0,10;LINE_8_PLA "LINE_8_PLANTING_HISTORY" true true false 80 Text 0 0,First,#,VRIWSATreeLYR_R1_2020,LINE_8_PLANTING_HISTORY,0,80;LINE_1_OPE "LINE_1_OPENING_NUMBER" true true false 4 Text 0 0,First,#,VRIWSATreeLYR_R1_2020,LINE_1_OPENING_NUMBER,0,4;LINE_1_O_1 "LINE_1_OPENING_SYMBOL_CD" true true false 1 Text 0 0,First,#,VRIWSATreeLYR_R1_2020,LINE_1_OPENING_SYMBOL_CD,0,1;LINE_6_SIT "LINE_6_SITE_PREP_HISTORY" true true false 10 Text 0 0,First,#,VRIWSATreeLYR_R1_2020,LINE_6_SITE_PREP_HISTORY,0,10;LINE_7_ACT "LINE_7_ACTIVITY_HIST_SYMBOL" true true false 1 Text 0 0,First,#,VRIWSATreeLYR_R1_2020,LINE_7_ACTIVITY_HIST_SYMBOL,0,1;LINE_7B_DI "LINE_7B_DISTURBANCE_HISTORY" true true false 40 Text 0 0,First,#,VRIWSATreeLYR_R1_2020,LINE_7B_DISTURBANCE_HISTORY,0,40;LABEL_CENT "LABEL_CENTRE_Y" true true false 8 Double 0 0,First,#,VRIWSATreeLYR_R1_2020,LABEL_CENTRE_Y,-1,-1;LABEL_CE_1 "LABEL_CENTRE_X" true true false 8 Double 0 0,First,#,VRIWSATreeLYR_R1_2020,LABEL_CENTRE_X,-1,-1;LINE_4_CLA "LINE_4_CLASSES_INDEXES" true true false 12 Text 0 0,First,#,VRIWSATreeLYR_R1_2020,LINE_4_CLASSES_INDEXES,0,12;BEC_VARIAN "BEC_VARIANT" true true false 1 Text 0 0,First,#,VRIWSATreeLYR_R1_2020,BEC_VARIANT,0,1;PROJ_HEI_3 "PROJ_HEIGHT_CLASS_CD_1" true true false 1 Text 0 0,First,#,VRIWSATreeLYR_R1_2020,PROJ_HEIGHT_CLASS_CD_1,0,1;BASAL_AREA "BASAL_AREA" true true false 8 Double 0 0,First,#,VRIWSATreeLYR_R1_2020,BASAL_AREA,-1,-1;FOLIAGE_BI "FOLIAGE_BIOMASS_PER_HA" true true false 8 Double 0 0,First,#,VRIWSATreeLYR_R1_2020,FOLIAGE_BIOMASS_PER_HA,-1,-1;EST_SITE_I "EST_SITE_INDEX" true true false 8 Double 0 0,First,#,VRIWSATreeLYR_R1_2020,EST_SITE_INDEX,-1,-1;BEC_ZONE_C "BEC_ZONE_CODE" true true false 4 Text 0 0,First,#,VRIWSATreeLYR_R1_2020,BEC_ZONE_CODE,0,4;WHOLE_STEM "WHOLE_STEM_BIOMASS_PER_HA" true true false 8 Double 0 0,First,#,VRIWSATreeLYR_R1_2020,WHOLE_STEM_BIOMASS_PER_HA,-1,-1;BRANCH_BIO "BRANCH_BIOMASS_PER_HA" true true false 8 Double 0 0,First,#,VRIWSATreeLYR_R1_2020,BRANCH_BIOMASS_PER_HA,-1,-1;BARK_BIOMA "BARK_BIOMASS_PER_HA" true true false 8 Double 0 0,First,#,VRIWSATreeLYR_R1_2020,BARK_BIOMASS_PER_HA,-1,-1;CROWN_CL_1 "CROWN_CLOSURE" true true false 2 Short 0 0,First,#,VRIWSATreeLYR_R1_2020,CROWN_CLOSURE,-1,-1;DBH_LIMIT "DBH_LIMIT" true true false 2 Short 0 0,First,#,VRIWSATreeLYR_R1_2020,DBH_LIMIT,-1,-1;EST_SITE_1 "EST_SITE_INDEX_SPECIES_CD" true true false 10 Text 0 0,First,#,VRIWSATreeLYR_R1_2020,EST_SITE_INDEX_SPECIES_CD,0,10;FEATURE_ID "FEATURE_ID" true true false 8 Double 0 0,First,#,VRIWSATreeLYR_R1_2020,FEATURE_ID,-1,-1;FULL_LABEL "FULL_LABEL" true true false 2147483647 Text 0 0,First,#,VRIWSATreeLYR_R1_2020,FULL_LABEL,0,2147483647;Forest_Cov "Forest_Cover_Object_ID" true true false 4 Long 0 0,First,#,VRIWSATreeLYR_R1_2020,Forest_Cover_Object_ID,-1,-1;Shape_Leng "Shape_Length" false true true 8 Double 0 0,First,#,VRIWSATreeLYR_R1_2020,Shape_Length,-1,-1;Shape_Area "Shape_Area" false true true 8 Double 0 0,First,#,VRIWSATreeLYR_R1_2020,Shape_Area,-1,-1" #</Process><Process ToolSource="c:\program files (x86)\arcgis\desktop10.7\ArcToolbox\Toolboxes\Data Management Tools.tbx\RepairGeometry" Date="20201005" Time="113015">RepairGeometry H:\GEOG_418_2020\A3\WatershedVRI.shp DELETE_NULL</Process></lineage></DataProperties><SyncDate>20201005</SyncDate><SyncTime>10245200</SyncTime><ModDate>20201005</ModDate><ModTime>10245200</ModTime><Sync>FALSE</Sync><ArcGISFormat>1.0</ArcGISFormat><ArcGISProfile>ISO19139</ArcGISProfile><scaleRange><minScale>150000000</minScale><maxScale>5000</maxScale></scaleRange><ArcGISstyle>North American Profile of ISO19115 2003</ArcGISstyle></Esri><idinfo><native Sync="TRUE">Microsoft Windows XP Version 5.1 (Build 2600) Service Pack 3; ESRI ArcCatalog 9.3.0.1770</native><descript><langdata Sync="TRUE">en</langdata><abstract>Data represents Management Unit boundaries (administrative units) for the Greater Victoria Water Supply Area, which is owned and managed by The Capital Regional District (Integrated Water Services). The units are used to help manage field (operational) activities and are used to summarise environmental attributes of the overall Water Supply Area.</abstract><purpose>REQUIRED: A summary of the intentions with which the data set was developed.</purpose></descript><citation><citeinfo><origin>REQUIRED: The name of an organization or individual that developed the data set.</origin><pubdate>REQUIRED: The date when the data set is published or otherwise made available for release.</pubdate><title Sync="TRUE">Greater Victoria Water Supply Area Management Unit</title><ftname Sync="TRUE">gisedit.SDE_ADMIN.wpGVWSAManagementUnit</ftname><geoform Sync="TRUE">vector digital data</geoform><onlink Sync="TRUE">Server=gisdbtwo; Service=5151; Database=gisedit; Version=sde.DEFAULT</onlink></citeinfo></citation><timeperd><current>REQUIRED: The basis on which the time period of content information is determined.</current><timeinfo><sngdate><caldate>REQUIRED: The year (and optionally month, or month and day) for which the data set corresponds to the ground.</caldate></sngdate></timeinfo></timeperd><status><progress>REQUIRED: The state of the data set.</progress><update>REQUIRED: The frequency with which changes and additions are made to the data set after the initial data set is completed.</update></status><spdom><bounding><westbc Sync="TRUE">-123.901786</westbc><eastbc Sync="TRUE">-123.556070</eastbc><northbc Sync="TRUE">48.624969</northbc><southbc Sync="TRUE">48.408938</southbc></bounding><lboundng><leftbc Sync="TRUE">433544.790000</leftbc><rightbc Sync="TRUE">458850.378600</rightbc><bottombc Sync="TRUE">5362143.138900</bottombc><topbc Sync="TRUE">5385917.148700</topbc></lboundng></spdom><keywords><theme><themekey>Water</themekey><themekey>Administrative</themekey><themekey>Regional District</themekey><themekey>Supply</themekey><themekey>Leech</themekey><themekey>Sooke</themekey><themekey>Goldstream</themekey></theme></keywords><accconst>REQUIRED: Restrictions and legal prerequisites for accessing the data set.</accconst><useconst>REQUIRED: Restrictions and legal prerequisites for using the data set after access is granted.</useconst><natvform Sync="TRUE">SDE Feature Class</natvform></idinfo><dataIdInfo><envirDesc Sync="TRUE">Microsoft Windows 10 Version 10.0 (Build 18363) ; Esri ArcGIS 12.5.0.22081</envirDesc><dataLang><languageCode Sync="TRUE" value="eng"/><countryCode value="CAN" Sync="TRUE"/></dataLang><idCitation><resTitle Sync="FALSE">Greater Victoria Water Supply Area Vegetation Resource Inventory</resTitle><presForm><PresFormCd Sync="TRUE" value="005"/></presForm><citRespParty xmlns=""><rpIndName>Mike Burrell</rpIndName><rpOrgName>Capital Regional District</rpOrgName><rpPosName>GIS Technologist</rpPosName><rpCntInfo><cntAddress><delPoint>479 Island Hwy</delPoint><city>Victoria</city><adminArea>British Columbia</adminArea><postCode>V9B 1H7</postCode><eMailAdd>MBURRELL@CRD.BC.CA</eMailAdd><country>ca</country></cntAddress><cntPhone><voiceNum>250-474-9631</voiceNum></cntPhone></rpCntInfo><role><RoleCd value="002"/></role></citRespParty><resEdDate>20100506</resEdDate><resRefDate><refDate>2009</refDate><refDateType><DateTypCd value="002"/></refDateType></resRefDate><resRefDate><refDate>20100501</refDate><refDateType><DateTypCd value="001"/></refDateType></resRefDate><date><pubDate>2009</pubDate><createDate>20100501</createDate></date></idCitation><spatRpType><SpatRepTypCd Sync="TRUE" value="001"/></spatRpType><dataExt><geoEle><GeoBndBox esriExtentType="native"><westBL Sync="TRUE">433544.79</westBL><eastBL Sync="TRUE">458850.3786</eastBL><northBL Sync="TRUE">5385917.1487</northBL><southBL Sync="TRUE">5362143.1389</southBL><exTypeCode Sync="TRUE">1</exTypeCode></GeoBndBox></geoEle></dataExt><dataExt><geoEle xmlns=""><GeoBndBox esriExtentType="search"><westBL Sync="TRUE">-123.901816</westBL><eastBL Sync="TRUE">-123.556456</eastBL><northBL Sync="TRUE">48.626671</northBL><southBL Sync="TRUE">48.444353</southBL><exTypeCode Sync="TRUE">1</exTypeCode></GeoBndBox></geoEle></dataExt><geoBox esriExtentType="decdegrees"><westBL Sync="TRUE">-123.901786</westBL><eastBL Sync="TRUE">-123.55607</eastBL><northBL Sync="TRUE">48.624969</northBL><southBL Sync="TRUE">48.408938</southBL><exTypeCode Sync="TRUE">1</exTypeCode></geoBox><idAbs>&lt;DIV STYLE="text-align:Left;"&gt;&lt;DIV&gt;&lt;DIV&gt;&lt;P&gt;&lt;SPAN&gt;In 2011-2012, the CRD contracted Forest Dimensions Inc (FDI) to conduct Phase 1 vegetation resource inventory for the Greater Victoria Water Supply Area. Data was collected following Phase 1 data collection standards. This data was submitted to the provincial government for inclusion in their province-wide VRI dataset. The province then added some derived attributes including label fields, aging and growing the forest. Phase 2 was not completed.&lt;/SPAN&gt;&lt;/P&gt;&lt;P&gt;&lt;SPAN&gt;This provincial data was extracted back to the CRD for further modifications by re-populating the original unique ID supplied by FDI&lt;/SPAN&gt;&lt;SPAN&gt;, other CRD specific attributes&lt;/SPAN&gt;&lt;SPAN&gt; and to add in some missing polygons. For the missing polygons, best efforts were made to fill in the provincially derived fields that were relevant to the CRD such as labeling and projected age and height. It is hoped these polygons will be formally included in the provincial data in January 2017.&lt;/SPAN&gt;&lt;/P&gt;&lt;P&gt;&lt;SPAN&gt;Data i&lt;/SPAN&gt;&lt;SPAN&gt;s&lt;/SPAN&gt;&lt;SPAN&gt; divided into 2 feature classes - WSAVRITreeLYR1 and TreeLYR2, representing the various tree layers existing in the forest stand.&lt;/SPAN&gt;&lt;/P&gt;&lt;/DIV&gt;&lt;/DIV&gt;&lt;/DIV&gt;</idAbs><descKeys KeyTypCd="005"><keyTyp><KeyTypCd value="005"/></keyTyp><keyword>Water</keyword><keyword>Administrative</keyword><keyword>Regional District</keyword><keyword>Supply</keyword><keyword>Leech</keyword><keyword>Sooke</keyword><keyword>Goldstream</keyword></descKeys><themeKeys><keyword>Water</keyword><keyword>Administrative</keyword><keyword>Regional District</keyword><keyword>Supply</keyword><keyword>Leech</keyword><keyword>Sooke</keyword><keyword>Goldstream</keyword></themeKeys><descKeys KeyTypCd="002"><keyTyp><KeyTypCd value="002"/></keyTyp><keyword>CRD</keyword><keyword>Sooke Hills</keyword><keyword>Vancouver Island</keyword><keyword>British Columbia</keyword><keyword>Canada</keyword><keyword>GVWSA</keyword></descKeys><placeKeys><keyword>CRD</keyword><keyword>Sooke Hills</keyword><keyword>Vancouver Island</keyword><keyword>British Columbia</keyword><keyword>Canada</keyword><keyword>GVWSA</keyword></placeKeys><searchKeys><keyword>Water</keyword><keyword>Regional District</keyword><keyword>Supply</keyword><keyword>Leech</keyword><keyword>Sooke</keyword><keyword>Goldstream</keyword><keyword>CRD</keyword><keyword>Sooke Hills</keyword><keyword>Vancouver Island</keyword><keyword>British Columbia</keyword><keyword>Canada</keyword><keyword>GVWSA</keyword><keyword>VRI</keyword><keyword>Vegetation Resource Inventory Layer 1</keyword></searchKeys><idPurp>Vegetation Resource Inventory (VRI) for Greater Victoria Water Supply Area.  This represents Tree Layer 1.</idPurp><dataChar><CharSetCd value="004"></CharSetCd></dataChar><tpCat><TopicCatCd value="003"/></tpCat><tpCat><TopicCatCd value="007"/></tpCat><tpCat><TopicCatCd value="012"/></tpCat></dataIdInfo><metainfo><langmeta Sync="TRUE">en</langmeta><metstdn Sync="TRUE">FGDC Content Standards for Digital Geospatial Metadata</metstdn><metstdv Sync="TRUE">FGDC-STD-001-1998</metstdv><mettc Sync="TRUE">local time</mettc><metc><cntinfo><cntorgp><cntper>REQUIRED: The person responsible for the metadata information.</cntper><cntorg>REQUIRED: The organization responsible for the metadata information.</cntorg></cntorgp><cntaddr><addrtype>REQUIRED: The mailing and/or physical address for the organization or individual.</addrtype><city>REQUIRED: The city of the address.</city><state>REQUIRED: The state or province of the address.</state><postal>REQUIRED: The ZIP or other postal code of the address.</postal></cntaddr><cntvoice>REQUIRED: The telephone number by which individuals can speak to the organization or individual.</cntvoice></cntinfo></metc><metd Sync="TRUE">20100506</metd></metainfo><mdLang><languageCode Sync="TRUE" value="eng"/><countryCode value="CAN" Sync="TRUE"/></mdLang><mdChar><CharSetCd Sync="TRUE" value="005"/></mdChar><mdHrLv><ScopeCd Sync="TRUE" value="005"/></mdHrLv><mdHrLvName Sync="TRUE">dataset</mdHrLvName><distinfo><resdesc Sync="TRUE">Downloadable Data</resdesc></distinfo><distInfo><distributor><distorTran><onLineSrc><orDesc Sync="TRUE">002</orDesc><linkage Sync="TRUE">Server=gisdbtwo; Service=5151; Database=gisedit; Version=sde.DEFAULT</linkage><protocol Sync="TRUE">ArcSDE Connection</protocol></onLineSrc></distorTran><distorFormat><formatName Sync="TRUE">SDE Feature Class</formatName></distorFormat><distorCont><rpOrgName>Capital Regional District</rpOrgName><rpPosName>GIS</rpPosName></distorCont><distorOrdPrc><ordInstr>See Contact Info for ordering process.</ordInstr></distorOrdPrc></distributor><distFormat><formatName Sync="TRUE">Shapefile</formatName></distFormat><distTranOps><transSize Sync="TRUE">0.000</transSize></distTranOps></distInfo><spdoinfo><direct Sync="TRUE">Vector</direct><ptvctinf><esriterm Name="WatershedVRI"><efeatyp Sync="TRUE">Simple</efeatyp><efeageom code="4" Sync="TRUE"></efeageom><esritopo Sync="TRUE">FALSE</esritopo><efeacnt Sync="TRUE">0</efeacnt><spindex Sync="TRUE">FALSE</spindex><linrefer Sync="TRUE">FALSE</linrefer></esriterm></ptvctinf></spdoinfo><spref><horizsys><cordsysn><geogcsn Sync="TRUE">GCS_North_American_1983</geogcsn><projcsn Sync="TRUE">NAD_1983_UTM_Zone_10N</projcsn></cordsysn><planar><planci><plance Sync="TRUE">coordinate pair</plance><plandu Sync="TRUE">meters</plandu><coordrep><absres Sync="TRUE">0.000100</absres><ordres Sync="TRUE">0.000100</ordres></coordrep></planci></planar><geodetic><horizdn Sync="TRUE">North American Datum of 1983</horizdn><ellips Sync="TRUE">Geodetic Reference System 80</ellips><semiaxis Sync="TRUE">6378137.000000</semiaxis><denflat Sync="TRUE">298.257222</denflat></geodetic></horizsys><vertdef><altsys><altenc Sync="TRUE">Explicit elevation coordinate included with horizontal coordinates</altenc><altres Sync="TRUE">1.000000</altres></altsys></vertdef></spref><refSysInfo><RefSystem><refSysID><identCode Sync="TRUE" value="26910" code="26910">NAD_1983_UTM_Zone_10N</identCode><idCodeSpace Sync="TRUE">EPSG</idCodeSpace><idVersion Sync="TRUE">7.8.2(3.0.1)</idVersion></refSysID></RefSystem></refSysInfo><spatRepInfo><VectSpatRep><geometObjs Name="WatershedVRI"><geoObjTyp><GeoObjTypCd value="002" Sync="TRUE"></GeoObjTypCd></geoObjTyp><geoObjCnt Sync="TRUE">0</geoObjCnt></geometObjs><topLvl><TopoLevCd value="001" Sync="TRUE"></TopoLevCd></topLvl></VectSpatRep></spatRepInfo><eainfo><detailed Name="WatershedVRI"><enttyp><enttypl Sync="TRUE">WatershedVRI</enttypl><enttypt Sync="TRUE">Feature Class</enttypt><enttypc Sync="TRUE">0</enttypc></enttyp><attr><attrlabl Sync="TRUE">FID</attrlabl><attalias Sync="TRUE">FID</attalias><attrtype Sync="TRUE">OID</attrtype><attwidth Sync="TRUE">4</attwidth><atprecis Sync="TRUE">0</atprecis><attscale Sync="TRUE">0</attscale><attrdef Sync="TRUE">Internal feature number.</attrdef><attrdefs Sync="TRUE">Esri</attrdefs><attrdomv><udom Sync="TRUE">Sequential unique whole numbers that are automatically generated.</udom></attrdomv></attr><attr><attrlabl Sync="TRUE">Name</attrlabl><attalias Sync="TRUE">Name</attalias><attrtype Sync="TRUE">String</attrtype><attwidth Sync="TRUE">50</attwidth><atprecis Sync="TRUE">0</atprecis><attscale Sync="TRUE">0</attscale></attr><attr><attrlabl Sync="TRUE">WSA</attrlabl><attalias Sync="TRUE">WSA</attalias><attrtype Sync="TRUE">String</attrtype><attwidth Sync="TRUE">2</attwidth><atprecis Sync="TRUE">0</atprecis><attscale Sync="TRUE">0</attscale></attr><attr><attrlabl Sync="TRUE">CompartID</attrlabl><attalias Sync="TRUE">CompartID</attalias><attrtype Sync="TRUE">String</attrtype><attwidth Sync="TRUE">20</attwidth><atprecis Sync="TRUE">0</atprecis><attscale Sync="TRUE">0</attscale></attr><attr><attrlabl Sync="TRUE">SHAPE</attrlabl><attalias Sync="TRUE">Shape</attalias><attrtype Sync="TRUE">Geometry</attrtype><attwidth Sync="TRUE">0</attwidth><atprecis Sync="TRUE">0</atprecis><attscale Sync="TRUE">0</attscale><attrdef Sync="TRUE">Feature geometry.</attrdef><attrdefs Sync="TRUE">ESRI</attrdefs><attrdomv><udom Sync="TRUE">Coordinates defining the features.</udom></attrdomv></attr><attr><attrlabl Sync="TRUE">FID_VEG_CO</attrlabl><attalias Sync="TRUE">FID_VEG_CO</attalias><attrtype Sync="TRUE">Integer</attrtype><attwidth Sync="TRUE">10</attwidth><atprecis Sync="TRUE">10</atprecis><attscale Sync="TRUE">0</attscale></attr><attr><attrlabl Sync="TRUE">POLYGON_ID</attrlabl><attalias Sync="TRUE">POLYGON_ID</attalias><attrtype Sync="TRUE">Integer</attrtype><attwidth Sync="TRUE">10</attwidth><atprecis Sync="TRUE">10</atprecis><attscale Sync="TRUE">0</attscale></attr><attr><attrlabl Sync="TRUE">SPECIES_CD</attrlabl><attalias Sync="TRUE">SPECIES_CD</attalias><attrtype Sync="TRUE">String</attrtype><attwidth Sync="TRUE">10</attwidth><atprecis Sync="TRUE">0</atprecis><attscale Sync="TRUE">0</attscale></attr><attr><attrlabl Sync="TRUE">SPECIES__1</attrlabl><attalias Sync="TRUE">SPECIES__1</attalias><attrtype Sync="TRUE">String</attrtype><attwidth Sync="TRUE">10</attwidth><atprecis Sync="TRUE">0</atprecis><attscale Sync="TRUE">0</attscale></attr><attr><attrlabl Sync="TRUE">SPECIES__2</attrlabl><attalias Sync="TRUE">SPECIES__2</attalias><attrtype Sync="TRUE">String</attrtype><attwidth Sync="TRUE">10</attwidth><atprecis Sync="TRUE">0</atprecis><attscale Sync="TRUE">0</attscale></attr><attr><attrlabl Sync="TRUE">SPECIES__3</attrlabl><attalias Sync="TRUE">SPECIES__3</attalias><attrtype Sync="TRUE">String</attrtype><attwidth Sync="TRUE">10</attwidth><atprecis Sync="TRUE">0</atprecis><attscale Sync="TRUE">0</attscale></attr><attr><attrlabl Sync="TRUE">BEC_PHASE</attrlabl><attalias Sync="TRUE">BEC_PHASE</attalias><attrtype Sync="TRUE">String</attrtype><attwidth Sync="TRUE">1</attwidth><atprecis Sync="TRUE">0</atprecis><attscale Sync="TRUE">0</attscale></attr><attr><attrlabl Sync="TRUE">BEC_SUBZON</attrlabl><attalias Sync="TRUE">BEC_SUBZON</attalias><attrtype Sync="TRUE">String</attrtype><attwidth Sync="TRUE">3</attwidth><atprecis Sync="TRUE">0</atprecis><attscale Sync="TRUE">0</attscale></attr><attr><attrlabl Sync="TRUE">CROWN_CLOS</attrlabl><attalias Sync="TRUE">CROWN_CLOS</attalias><attrtype Sync="TRUE">String</attrtype><attwidth Sync="TRUE">2</attwidth><atprecis Sync="TRUE">0</atprecis><attscale Sync="TRUE">0</attscale></attr><attr><attrlabl Sync="TRUE">PROJ_AGE_2</attrlabl><attalias Sync="TRUE">PROJ_AGE_2</attalias><attrtype Sync="TRUE">Integer</attrtype><attwidth Sync="TRUE">5</attwidth><atprecis Sync="TRUE">5</atprecis><attscale Sync="TRUE">0</attscale></attr><attr><attrlabl Sync="TRUE">PROJ_AGE_1</attrlabl><attalias Sync="TRUE">PROJ_AGE_1</attalias><attrtype Sync="TRUE">Integer</attrtype><attwidth Sync="TRUE">5</attwidth><atprecis Sync="TRUE">5</atprecis><attscale Sync="TRUE">0</attscale></attr><attr><attrlabl Sync="TRUE">SMALL_LABE</attrlabl><attalias Sync="TRUE">SMALL_LABE</attalias><attrtype Sync="TRUE">String</attrtype><attwidth Sync="TRUE">200</attwidth><atprecis Sync="TRUE">0</atprecis><attscale Sync="TRUE">0</attscale></attr><attr><attrlabl Sync="TRUE">SITE_INDEX</attrlabl><attalias Sync="TRUE">SITE_INDEX</attalias><attrtype Sync="TRUE">Double</attrtype><attwidth Sync="TRUE">19</attwidth><atprecis Sync="TRUE">0</atprecis><attscale Sync="TRUE">0</attscale></attr><attr><attrlabl Sync="TRUE">SPECIES__4</attrlabl><attalias Sync="TRUE">SPECIES__4</attalias><attrtype Sync="TRUE">String</attrtype><attwidth Sync="TRUE">10</attwidth><atprecis Sync="TRUE">0</atprecis><attscale Sync="TRUE">0</attscale></attr><attr><attrlabl Sync="TRUE">SPECIES__5</attrlabl><attalias Sync="TRUE">SPECIES__5</attalias><attrtype Sync="TRUE">String</attrtype><attwidth Sync="TRUE">10</attwidth><atprecis Sync="TRUE">0</atprecis><attscale Sync="TRUE">0</attscale></attr><attr><attrlabl Sync="TRUE">REFERENCE_</attrlabl><attalias Sync="TRUE">REFERENCE_</attalias><attrtype Sync="TRUE">Integer</attrtype><attwidth Sync="TRUE">5</attwidth><atprecis Sync="TRUE">5</atprecis><attscale Sync="TRUE">0</attscale></attr><attr><attrlabl Sync="TRUE">REFERENCE1</attrlabl><attalias Sync="TRUE">REFERENCE1</attalias><attrtype Sync="TRUE">Date</attrtype><attwidth Sync="TRUE">8</attwidth><atprecis Sync="TRUE">0</atprecis><attscale Sync="TRUE">0</attscale></attr><attr><attrlabl Sync="TRUE">FOR_COVER_</attrlabl><attalias Sync="TRUE">FOR_COVER_</attalias><attrtype Sync="TRUE">String</attrtype><attwidth Sync="TRUE">10</attwidth><atprecis Sync="TRUE">0</atprecis><attscale Sync="TRUE">0</attscale></attr><attr><attrlabl Sync="TRUE">PROJ_HEIGH</attrlabl><attalias Sync="TRUE">PROJ_HEIGH</attalias><attrtype Sync="TRUE">Double</attrtype><attwidth Sync="TRUE">19</attwidth><atprecis Sync="TRUE">0</atprecis><attscale Sync="TRUE">0</attscale></attr><attr><attrlabl Sync="TRUE">PROJ_HEI_1</attrlabl><attalias Sync="TRUE">PROJ_HEI_1</attalias><attrtype Sync="TRUE">Double</attrtype><attwidth Sync="TRUE">19</attwidth><atprecis Sync="TRUE">0</atprecis><attscale Sync="TRUE">0</attscale></attr><attr><attrlabl Sync="TRUE">PROJECTED_</attrlabl><attalias Sync="TRUE">PROJECTED_</attalias><attrtype Sync="TRUE">Date</attrtype><attwidth Sync="TRUE">8</attwidth><atprecis Sync="TRUE">0</atprecis><attscale Sync="TRUE">0</attscale></attr><attr><attrlabl Sync="TRUE">PROJ_AGE_C</attrlabl><attalias Sync="TRUE">PROJ_AGE_C</attalias><attrtype Sync="TRUE">String</attrtype><attwidth Sync="TRUE">1</attwidth><atprecis Sync="TRUE">0</atprecis><attscale Sync="TRUE">0</attscale></attr><attr><attrlabl Sync="TRUE">PROJ_AGE_3</attrlabl><attalias Sync="TRUE">PROJ_AGE_3</attalias><attrtype Sync="TRUE">String</attrtype><attwidth Sync="TRUE">1</attwidth><atprecis Sync="TRUE">0</atprecis><attscale Sync="TRUE">0</attscale></attr><attr><attrlabl Sync="TRUE">PROJ_HEI_2</attrlabl><attalias Sync="TRUE">PROJ_HEI_2</attalias><attrtype Sync="TRUE">String</attrtype><attwidth Sync="TRUE">1</attwidth><atprecis Sync="TRUE">0</atprecis><attscale Sync="TRUE">0</attscale></attr><attr><attrlabl Sync="TRUE">SPECIES_PC</attrlabl><attalias Sync="TRUE">SPECIES_PC</attalias><attrtype Sync="TRUE">Double</attrtype><attwidth Sync="TRUE">19</attwidth><atprecis Sync="TRUE">0</atprecis><attscale Sync="TRUE">0</attscale></attr><attr><attrlabl Sync="TRUE">SPECIES__6</attrlabl><attalias Sync="TRUE">SPECIES__6</attalias><attrtype Sync="TRUE">Double</attrtype><attwidth Sync="TRUE">19</attwidth><atprecis Sync="TRUE">0</atprecis><attscale Sync="TRUE">0</attscale></attr><attr><attrlabl Sync="TRUE">SPECIES__7</attrlabl><attalias Sync="TRUE">SPECIES__7</attalias><attrtype Sync="TRUE">Double</attrtype><attwidth Sync="TRUE">19</attwidth><atprecis Sync="TRUE">0</atprecis><attscale Sync="TRUE">0</attscale></attr><attr><attrlabl Sync="TRUE">LAYER_ID</attrlabl><attalias Sync="TRUE">LAYER_ID</attalias><attrtype Sync="TRUE">String</attrtype><attwidth Sync="TRUE">10</attwidth><atprecis Sync="TRUE">0</atprecis><attscale Sync="TRUE">0</attscale></attr><attr><attrlabl Sync="TRUE">SPECIES__8</attrlabl><attalias Sync="TRUE">SPECIES__8</attalias><attrtype Sync="TRUE">Double</attrtype><attwidth Sync="TRUE">19</attwidth><atprecis Sync="TRUE">0</atprecis><attscale Sync="TRUE">0</attscale></attr><attr><attrlabl Sync="TRUE">SPECIES__9</attrlabl><attalias Sync="TRUE">SPECIES__9</attalias><attrtype Sync="TRUE">Double</attrtype><attwidth Sync="TRUE">19</attwidth><atprecis Sync="TRUE">0</atprecis><attscale Sync="TRUE">0</attscale></attr><attr><attrlabl Sync="TRUE">SPECIES_10</attrlabl><attalias Sync="TRUE">SPECIES_10</attalias><attrtype Sync="TRUE">Double</attrtype><attwidth Sync="TRUE">19</attwidth><atprecis Sync="TRUE">0</atprecis><attscale Sync="TRUE">0</attscale></attr><attr><attrlabl Sync="TRUE">TREE_COVER</attrlabl><attalias Sync="TRUE">TREE_COVER</attalias><attrtype Sync="TRUE">String</attrtype><attwidth Sync="TRUE">10</attwidth><atprecis Sync="TRUE">0</atprecis><attscale Sync="TRUE">0</attscale></attr><attr><attrlabl Sync="TRUE">VERTICAL_C</attrlabl><attalias Sync="TRUE">VERTICAL_C</attalias><attrtype Sync="TRUE">String</attrtype><attwidth Sync="TRUE">10</attwidth><atprecis Sync="TRUE">0</atprecis><attscale Sync="TRUE">0</attscale></attr><attr><attrlabl Sync="TRUE">VRI_LIVE_S</attrlabl><attalias Sync="TRUE">VRI_LIVE_S</attalias><attrtype Sync="TRUE">Integer</attrtype><attwidth Sync="TRUE">10</attwidth><atprecis Sync="TRUE">10</atprecis><attscale Sync="TRUE">0</attscale></attr><attr><attrlabl Sync="TRUE">LINE_5_VEG</attrlabl><attalias Sync="TRUE">LINE_5_VEG</attalias><attrtype Sync="TRUE">String</attrtype><attwidth Sync="TRUE">11</attwidth><atprecis Sync="TRUE">0</atprecis><attscale Sync="TRUE">0</attscale></attr><attr><attrlabl Sync="TRUE">LINE_7A_ST</attrlabl><attalias Sync="TRUE">LINE_7A_ST</attalias><attrtype Sync="TRUE">String</attrtype><attwidth Sync="TRUE">39</attwidth><atprecis Sync="TRUE">0</atprecis><attscale Sync="TRUE">0</attscale></attr><attr><attrlabl Sync="TRUE">LINE_3_TRE</attrlabl><attalias Sync="TRUE">LINE_3_TRE</attalias><attrtype Sync="TRUE">String</attrtype><attwidth Sync="TRUE">50</attwidth><atprecis Sync="TRUE">0</atprecis><attscale Sync="TRUE">0</attscale></attr><attr><attrlabl Sync="TRUE">LINE_2_POL</attrlabl><attalias Sync="TRUE">LINE_2_POL</attalias><attrtype Sync="TRUE">String</attrtype><attwidth Sync="TRUE">10</attwidth><atprecis Sync="TRUE">0</atprecis><attscale Sync="TRUE">0</attscale></attr><attr><attrlabl Sync="TRUE">LINE_8_PLA</attrlabl><attalias Sync="TRUE">LINE_8_PLA</attalias><attrtype Sync="TRUE">String</attrtype><attwidth Sync="TRUE">80</attwidth><atprecis Sync="TRUE">0</atprecis><attscale Sync="TRUE">0</attscale></attr><attr><attrlabl Sync="TRUE">LINE_1_OPE</attrlabl><attalias Sync="TRUE">LINE_1_OPE</attalias><attrtype Sync="TRUE">String</attrtype><attwidth Sync="TRUE">4</attwidth><atprecis Sync="TRUE">0</atprecis><attscale Sync="TRUE">0</attscale></attr><attr><attrlabl Sync="TRUE">LINE_1_O_1</attrlabl><attalias Sync="TRUE">LINE_1_O_1</attalias><attrtype Sync="TRUE">String</attrtype><attwidth Sync="TRUE">1</attwidth><atprecis Sync="TRUE">0</atprecis><attscale Sync="TRUE">0</attscale></attr><attr><attrlabl Sync="TRUE">LINE_6_SIT</attrlabl><attalias Sync="TRUE">LINE_6_SIT</attalias><attrtype Sync="TRUE">String</attrtype><attwidth Sync="TRUE">10</attwidth><atprecis Sync="TRUE">0</atprecis><attscale Sync="TRUE">0</attscale></attr><attr><attrlabl Sync="TRUE">LINE_7_ACT</attrlabl><attalias Sync="TRUE">LINE_7_ACT</attalias><attrtype Sync="TRUE">String</attrtype><attwidth Sync="TRUE">1</attwidth><atprecis Sync="TRUE">0</atprecis><attscale Sync="TRUE">0</attscale></attr><attr><attrlabl Sync="TRUE">LINE_7B_DI</attrlabl><attalias Sync="TRUE">LINE_7B_DI</attalias><attrtype Sync="TRUE">String</attrtype><attwidth Sync="TRUE">40</attwidth><atprecis Sync="TRUE">0</atprecis><attscale Sync="TRUE">0</attscale></attr><attr><attrlabl Sync="TRUE">LABEL_CENT</attrlabl><attalias Sync="TRUE">LABEL_CENT</attalias><attrtype Sync="TRUE">Double</attrtype><attwidth Sync="TRUE">19</attwidth><atprecis Sync="TRUE">0</atprecis><attscale Sync="TRUE">0</attscale></attr><attr><attrlabl Sync="TRUE">LABEL_CE_1</attrlabl><attalias Sync="TRUE">LABEL_CE_1</attalias><attrtype Sync="TRUE">Double</attrtype><attwidth Sync="TRUE">19</attwidth><atprecis Sync="TRUE">0</atprecis><attscale Sync="TRUE">0</attscale></attr><attr><attrlabl Sync="TRUE">LINE_4_CLA</attrlabl><attalias Sync="TRUE">LINE_4_CLA</attalias><attrtype Sync="TRUE">String</attrtype><attwidth Sync="TRUE">12</attwidth><atprecis Sync="TRUE">0</atprecis><attscale Sync="TRUE">0</attscale></attr><attr><attrlabl Sync="TRUE">BEC_VARIAN</attrlabl><attalias Sync="TRUE">BEC_VARIAN</attalias><attrtype Sync="TRUE">String</attrtype><attwidth Sync="TRUE">1</attwidth><atprecis Sync="TRUE">0</atprecis><attscale Sync="TRUE">0</attscale></attr><attr><attrlabl Sync="TRUE">PROJ_HEI_3</attrlabl><attalias Sync="TRUE">PROJ_HEI_3</attalias><attrtype Sync="TRUE">String</attrtype><attwidth Sync="TRUE">1</attwidth><atprecis Sync="TRUE">0</atprecis><attscale Sync="TRUE">0</attscale></attr><attr><attrlabl Sync="TRUE">BASAL_AREA</attrlabl><attalias Sync="TRUE">BASAL_AREA</attalias><attrtype Sync="TRUE">Double</attrtype><attwidth Sync="TRUE">19</attwidth><atprecis Sync="TRUE">0</atprecis><attscale Sync="TRUE">0</attscale></attr><attr><attrlabl Sync="TRUE">FOLIAGE_BI</attrlabl><attalias Sync="TRUE">FOLIAGE_BI</attalias><attrtype Sync="TRUE">Double</attrtype><attwidth Sync="TRUE">19</attwidth><atprecis Sync="TRUE">0</atprecis><attscale Sync="TRUE">0</attscale></attr><attr><attrlabl Sync="TRUE">EST_SITE_I</attrlabl><attalias Sync="TRUE">EST_SITE_I</attalias><attrtype Sync="TRUE">Double</attrtype><attwidth Sync="TRUE">19</attwidth><atprecis Sync="TRUE">0</atprecis><attscale Sync="TRUE">0</attscale></attr><attr><attrlabl Sync="TRUE">BEC_ZONE_C</attrlabl><attalias Sync="TRUE">BEC_ZONE_C</attalias><attrtype Sync="TRUE">String</attrtype><attwidth Sync="TRUE">4</attwidth><atprecis Sync="TRUE">0</atprecis><attscale Sync="TRUE">0</attscale></attr><attr><attrlabl Sync="TRUE">WHOLE_STEM</attrlabl><attalias Sync="TRUE">WHOLE_STEM</attalias><attrtype Sync="TRUE">Double</attrtype><attwidth Sync="TRUE">19</attwidth><atprecis Sync="TRUE">0</atprecis><attscale Sync="TRUE">0</attscale></attr><attr><attrlabl Sync="TRUE">BRANCH_BIO</attrlabl><attalias Sync="TRUE">BRANCH_BIO</attalias><attrtype Sync="TRUE">Double</attrtype><attwidth Sync="TRUE">19</attwidth><atprecis Sync="TRUE">0</atprecis><attscale Sync="TRUE">0</attscale></attr><attr><attrlabl Sync="TRUE">BARK_BIOMA</attrlabl><attalias Sync="TRUE">BARK_BIOMA</attalias><attrtype Sync="TRUE">Double</attrtype><attwidth Sync="TRUE">19</attwidth><atprecis Sync="TRUE">0</atprecis><attscale Sync="TRUE">0</attscale></attr><attr><attrlabl Sync="TRUE">CROWN_CL_1</attrlabl><attalias Sync="TRUE">CROWN_CL_1</attalias><attrtype Sync="TRUE">Integer</attrtype><attwidth Sync="TRUE">5</attwidth><atprecis Sync="TRUE">5</atprecis><attscale Sync="TRUE">0</attscale></attr><attr><attrlabl Sync="TRUE">DBH_LIMIT</attrlabl><attalias Sync="TRUE">DBH_LIMIT</attalias><attrtype Sync="TRUE">Integer</attrtype><attwidth Sync="TRUE">5</attwidth><atprecis Sync="TRUE">5</atprecis><attscale Sync="TRUE">0</attscale></attr><attr><attrlabl Sync="TRUE">EST_SITE_1</attrlabl><attalias Sync="TRUE">EST_SITE_1</attalias><attrtype Sync="TRUE">String</attrtype><attwidth Sync="TRUE">10</attwidth><atprecis Sync="TRUE">0</atprecis><attscale Sync="TRUE">0</attscale></attr><attr><attrlabl Sync="TRUE">FEATURE_ID</attrlabl><attalias Sync="TRUE">FEATURE_ID</attalias><attrtype Sync="TRUE">Double</attrtype><attwidth Sync="TRUE">19</attwidth><atprecis Sync="TRUE">0</atprecis><attscale Sync="TRUE">0</attscale></attr><attr><attrlabl Sync="TRUE">FULL_LABEL</attrlabl><attalias Sync="TRUE">FULL_LABEL</attalias><attrtype Sync="TRUE">String</attrtype><attwidth Sync="TRUE">254</attwidth><atprecis Sync="TRUE">0</atprecis><attscale Sync="TRUE">0</attscale></attr><attr><attrlabl Sync="TRUE">Forest_Cov</attrlabl><attalias Sync="TRUE">Forest_Cov</attalias><attrtype Sync="TRUE">Integer</attrtype><attwidth Sync="TRUE">10</attwidth><atprecis Sync="TRUE">10</atprecis><attscale Sync="TRUE">0</attscale></attr><attr><attrlabl Sync="TRUE">Shape_Leng</attrlabl><attalias Sync="TRUE">Shape_Leng</attalias><attrtype Sync="TRUE">Double</attrtype><attwidth Sync="TRUE">19</attwidth><atprecis Sync="TRUE">0</atprecis><attscale Sync="TRUE">0</attscale></attr><attr><attrlabl Sync="TRUE">Shape_Area</attrlabl><attalias Sync="TRUE">Shape_Area</attalias><attrtype Sync="TRUE">Double</attrtype><attwidth Sync="TRUE">19</attwidth><atprecis Sync="TRUE">0</atprecis><attscale Sync="TRUE">0</attscale><attrdef Sync="TRUE">Area of feature in internal units squared.</attrdef><attrdefs Sync="TRUE">Esri</attrdefs><attrdomv><udom Sync="TRUE">Positive real numbers that are automatically generated.</udom></attrdomv></attr></detailed></eainfo><mdDateSt Sync="TRUE">20201005</mdDateSt><mdContact xmlns=""><rpIndName>Mike Burrell</rpIndName><rpOrgName>Capital Regional District</rpOrgName><rpPosName>GIS Technologist</rpPosName><rpCntInfo><cntAddress><delPoint>479 Island Hwy</delPoint><city>Victoria</city><adminArea>British Columbia</adminArea><postCode>V9B 1H7</postCode><eMailAdd>mburrell@crd.bc.ca</eMailAdd><country>ca</country></cntAddress><cntPhone><voiceNum>250.474.9631</voiceNum></cntPhone></rpCntInfo><role><RoleCd value="002"/></role></mdContact><dataqual><lineage><procstep><procdesc Sync="TRUE">Metadata imported.</procdesc><srcused Sync="TRUE">C:\Temp\gisedit.SDE_ADMIN.xml</srcused><procdate Sync="TRUE">20090917</procdate><proctime Sync="TRUE">14322000</proctime></procstep><procstep><procdesc Sync="TRUE">Metadata imported.</procdesc><srcused Sync="TRUE">C:\Temp\WSASupplyAreasLn.xml</srcused><procdate Sync="TRUE">20090917</procdate><proctime Sync="TRUE">14550300</proctime></procstep><procstep><procdesc Sync="TRUE">Metadata imported.</procdesc><srcused Sync="TRUE">C:\Temp\gisedit.Admin.xml</srcused><procdate Sync="TRUE">20100506</procdate><proctime Sync="TRUE">14441700</proctime></procstep><procstep><procdesc Sync="TRUE">Metadata imported.</procdesc><srcused Sync="TRUE">C:\Temp\gisedit.Admin.xml</srcused><procdate Sync="TRUE">20100506</procdate><proctime Sync="TRUE">14505200</proctime></procstep></lineage></dataqual><mdMaint xmlns=""><maintFreq><MaintFreqCd value="008"></MaintFreqCd></maintFreq><dateNext>2017-01-01T00:00:00</dateNext><maintCont xmlns=""><rpIndName>Mike Burrell</rpIndName><rpOrgName>CRD</rpOrgName><rpPosName>GIS Technologist</rpPosName></maintCont></mdMaint></metadata>
